configuration_id,src_tap,dst_tap,pair_kind,variant,src_probe_dev_tf_exact,transfer_dev_tf_exact,delta_vs_src,dst_probe_dev_tf_exact,delta_vs_dst
L19_SEED_1,EMBEDDING,b00_AFTER_ATTN,coarse,norm,144,133,-11,142,-9
L19_SEED_1,EMBEDDING,b00_AFTER_ATTN,coarse,raw,144,133,-11,142,-9
L19_SEED_1,b00_AFTER_ATTN,b00_AFTER_FFN,coarse,norm,142,142,0,141,1
L19_SEED_1,b00_AFTER_ATTN,b00_AFTER_FFN,coarse,raw,142,128,-14,141,-13
L19_SEED_1,b00_AFTER_FFN,b01_NORM1,fine,raw,141,141,0,140,1
L19_SEED_1,b00_AFTER_FFN,b01_AFTER_ATTN,coarse,norm,141,141,0,140,1
L19_SEED_1,b00_AFTER_FFN,b01_AFTER_ATTN,coarse,raw,141,141,0,140,1
L19_SEED_1,b01_NORM1,b01_ATT_UPDATE,fine,raw,140,12,-128,62,-50
L19_SEED_1,b01_ATT_UPDATE,b01_AFTER_ATTN,fine,raw,62,43,-19,140,-97
L19_SEED_1,b01_AFTER_ATTN,b01_NORM2,fine,raw,140,125,-15,132,-7
L19_SEED_1,b01_AFTER_ATTN,b01_AFTER_FFN,coarse,norm,140,133,-7,140,-7
L19_SEED_1,b01_AFTER_ATTN,b01_AFTER_FFN,coarse,raw,140,127,-13,140,-13
L19_SEED_1,b01_NORM2,b01_FFN_UPDATE,fine,raw,132,18,-114,127,-109
L19_SEED_1,b01_FFN_UPDATE,b01_AFTER_FFN,fine,raw,127,89,-38,140,-51
L19_SEED_1,b01_AFTER_FFN,b02_AFTER_ATTN,coarse,norm,140,116,-24,132,-16
L19_SEED_1,b01_AFTER_FFN,b02_AFTER_ATTN,coarse,raw,140,125,-15,132,-7
L19_SEED_1,b02_AFTER_ATTN,b02_AFTER_FFN,coarse,norm,132,129,-3,131,-2
L19_SEED_1,b02_AFTER_ATTN,b02_AFTER_FFN,coarse,raw,132,128,-4,131,-3
L19_SEED_1,b02_AFTER_FFN,b03_AFTER_ATTN,coarse,norm,131,122,-9,125,-3
L19_SEED_1,b02_AFTER_FFN,b03_AFTER_ATTN,coarse,raw,131,124,-7,125,-1
L19_SEED_1,b03_AFTER_ATTN,b03_AFTER_FFN,coarse,norm,125,123,-2,124,-1
L19_SEED_1,b03_AFTER_ATTN,b03_AFTER_FFN,coarse,raw,125,122,-3,124,-2
L19_SEED_1,b03_AFTER_FFN,b04_NORM1,fine,raw,124,122,-2,122,0
L19_SEED_1,b03_AFTER_FFN,b04_AFTER_ATTN,coarse,norm,124,119,-5,120,-1
L19_SEED_1,b03_AFTER_FFN,b04_AFTER_ATTN,coarse,raw,124,109,-15,120,-11
L19_SEED_1,b04_NORM1,b04_ATT_UPDATE,fine,raw,122,19,-103,53,-34
L19_SEED_1,b04_ATT_UPDATE,b04_AFTER_ATTN,fine,raw,53,1,-52,120,-119
L19_SEED_1,b04_AFTER_ATTN,b04_NORM2,fine,raw,120,122,2,123,-1
L19_SEED_1,b04_AFTER_ATTN,b04_AFTER_FFN,coarse,norm,120,121,1,119,2
L19_SEED_1,b04_AFTER_ATTN,b04_AFTER_FFN,coarse,raw,120,121,1,119,2
L19_SEED_1,b04_NORM2,b04_FFN_UPDATE,fine,raw,123,21,-102,120,-99
L19_SEED_1,b04_FFN_UPDATE,b04_AFTER_FFN,fine,raw,120,80,-40,119,-39
L19_SEED_1,b04_AFTER_FFN,b05_AFTER_ATTN,coarse,norm,119,113,-6,120,-7
L19_SEED_1,b04_AFTER_FFN,b05_AFTER_ATTN,coarse,raw,119,117,-2,120,-3
L19_SEED_1,b05_AFTER_ATTN,b05_AFTER_FFN,coarse,norm,120,124,4,119,5
L19_SEED_1,b05_AFTER_ATTN,b05_AFTER_FFN,coarse,raw,120,120,0,119,1
L19_SEED_1,b05_AFTER_FFN,b06_AFTER_ATTN,coarse,norm,119,118,-1,118,0
L19_SEED_1,b05_AFTER_FFN,b06_AFTER_ATTN,coarse,raw,119,119,0,118,1
L19_SEED_1,b06_AFTER_ATTN,b06_AFTER_FFN,coarse,norm,118,118,0,118,0
L19_SEED_1,b06_AFTER_ATTN,b06_AFTER_FFN,coarse,raw,118,115,-3,118,-3
L19_SEED_1,b06_AFTER_FFN,b07_AFTER_ATTN,coarse,norm,118,117,-1,118,-1
L19_SEED_1,b06_AFTER_FFN,b07_AFTER_ATTN,coarse,raw,118,118,0,118,0
L19_SEED_1,b07_AFTER_ATTN,b07_AFTER_FFN,coarse,norm,118,117,-1,116,1
L19_SEED_1,b07_AFTER_ATTN,b07_AFTER_FFN,coarse,raw,118,115,-3,116,-1
L19_SEED_1,b07_AFTER_FFN,b08_NORM1,fine,raw,116,80,-36,116,-36
L19_SEED_1,b07_AFTER_FFN,b08_AFTER_ATTN,coarse,norm,116,115,-1,110,5
L19_SEED_1,b07_AFTER_FFN,b08_AFTER_ATTN,coarse,raw,116,115,-1,110,5
L19_SEED_1,b08_NORM1,b08_ATT_UPDATE,fine,raw,116,16,-100,30,-14
L19_SEED_1,b08_ATT_UPDATE,b08_AFTER_ATTN,fine,raw,30,37,7,110,-73
L19_SEED_1,b08_AFTER_ATTN,b08_NORM2,fine,raw,110,92,-18,121,-29
L19_SEED_1,b08_AFTER_ATTN,b08_AFTER_FFN,coarse,norm,110,111,1,111,0
L19_SEED_1,b08_AFTER_ATTN,b08_AFTER_FFN,coarse,raw,110,107,-3,111,-4
L19_SEED_1,b08_NORM2,b08_FFN_UPDATE,fine,raw,121,55,-66,112,-57
L19_SEED_1,b08_FFN_UPDATE,b08_AFTER_FFN,fine,raw,112,54,-58,111,-57
L19_SEED_1,b08_AFTER_FFN,b09_AFTER_ATTN,coarse,norm,111,106,-5,107,-1
L19_SEED_1,b08_AFTER_FFN,b09_AFTER_ATTN,coarse,raw,111,105,-6,107,-2
L19_SEED_1,b09_AFTER_ATTN,b09_AFTER_FFN,coarse,norm,107,105,-2,107,-2
L19_SEED_1,b09_AFTER_ATTN,b09_AFTER_FFN,coarse,raw,107,102,-5,107,-5
L19_SEED_1,b09_AFTER_FFN,b10_AFTER_ATTN,coarse,norm,107,106,-1,104,2
L19_SEED_1,b09_AFTER_FFN,b10_AFTER_ATTN,coarse,raw,107,105,-2,104,1
L19_SEED_1,b10_AFTER_ATTN,b10_AFTER_FFN,coarse,norm,104,105,1,106,-1
L19_SEED_1,b10_AFTER_ATTN,b10_AFTER_FFN,coarse,raw,104,105,1,106,-1
L19_SEED_1,b10_AFTER_FFN,b11_AFTER_ATTN,coarse,norm,106,109,3,104,5
L19_SEED_1,b10_AFTER_FFN,b11_AFTER_ATTN,coarse,raw,106,109,3,104,5
L19_SEED_1,b11_AFTER_ATTN,b11_AFTER_FFN,coarse,norm,104,94,-10,105,-11
L19_SEED_1,b11_AFTER_ATTN,b11_AFTER_FFN,coarse,raw,104,101,-3,105,-4
L19_SEED_1,b11_AFTER_FFN,b12_NORM1,fine,raw,105,30,-75,101,-71
L19_SEED_1,b11_AFTER_FFN,b12_AFTER_ATTN,coarse,norm,105,102,-3,107,-5
L19_SEED_1,b11_AFTER_FFN,b12_AFTER_ATTN,coarse,raw,105,101,-4,107,-6
L19_SEED_1,b12_NORM1,b12_ATT_UPDATE,fine,raw,101,21,-80,37,-16
L19_SEED_1,b12_ATT_UPDATE,b12_AFTER_ATTN,fine,raw,37,51,14,107,-56
L19_SEED_1,b12_AFTER_ATTN,b12_NORM2,fine,raw,107,28,-79,93,-65
L19_SEED_1,b12_AFTER_ATTN,b12_AFTER_FFN,coarse,norm,107,100,-7,104,-4
L19_SEED_1,b12_AFTER_ATTN,b12_AFTER_FFN,coarse,raw,107,108,1,104,4
L19_SEED_1,b12_NORM2,b12_FFN_UPDATE,fine,raw,93,49,-44,109,-60
L19_SEED_1,b12_FFN_UPDATE,b12_AFTER_FFN,fine,raw,109,66,-43,104,-38
L19_SEED_1,b12_AFTER_FFN,b13_AFTER_ATTN,coarse,norm,104,103,-1,99,4
L19_SEED_1,b12_AFTER_FFN,b13_AFTER_ATTN,coarse,raw,104,103,-1,99,4
L19_SEED_1,b13_AFTER_ATTN,b13_AFTER_FFN,coarse,norm,99,99,0,99,0
L19_SEED_1,b13_AFTER_ATTN,b13_AFTER_FFN,coarse,raw,99,102,3,99,3
L19_SEED_1,b13_AFTER_FFN,b14_AFTER_ATTN,coarse,norm,99,98,-1,100,-2
L19_SEED_1,b13_AFTER_FFN,b14_AFTER_ATTN,coarse,raw,99,94,-5,100,-6
L19_SEED_1,b14_AFTER_ATTN,b14_AFTER_FFN,coarse,norm,100,96,-4,98,-2
L19_SEED_1,b14_AFTER_ATTN,b14_AFTER_FFN,coarse,raw,100,92,-8,98,-6
L19_SEED_1,b14_AFTER_FFN,b15_AFTER_ATTN,coarse,norm,98,99,1,97,2
L19_SEED_1,b14_AFTER_FFN,b15_AFTER_ATTN,coarse,raw,98,99,1,97,2
L19_SEED_1,b15_AFTER_ATTN,b15_AFTER_FFN,coarse,norm,97,95,-2,97,-2
L19_SEED_1,b15_AFTER_ATTN,b15_AFTER_FFN,coarse,raw,97,97,0,97,0
L19_SEED_1,b15_AFTER_FFN,b16_NORM1,fine,raw,97,27,-70,90,-63
L19_SEED_1,b15_AFTER_FFN,b16_AFTER_ATTN,coarse,norm,97,96,-1,94,2
L19_SEED_1,b15_AFTER_FFN,b16_AFTER_ATTN,coarse,raw,97,97,0,94,3
L19_SEED_1,b16_NORM1,b16_ATT_UPDATE,fine,raw,90,12,-78,26,-14
L19_SEED_1,b16_ATT_UPDATE,b16_AFTER_ATTN,fine,raw,26,25,-1,94,-69
L19_SEED_1,b16_AFTER_ATTN,b16_NORM2,fine,raw,94,20,-74,89,-69
L19_SEED_1,b16_AFTER_ATTN,b16_AFTER_FFN,coarse,norm,94,94,0,95,-1
L19_SEED_1,b16_AFTER_ATTN,b16_AFTER_FFN,coarse,raw,94,94,0,95,-1
L19_SEED_1,b16_NORM2,b16_FFN_UPDATE,fine,raw,89,53,-36,89,-36
L19_SEED_1,b16_FFN_UPDATE,b16_AFTER_FFN,fine,raw,89,87,-2,95,-8
L19_SEED_1,b16_AFTER_FFN,b17_AFTER_ATTN,coarse,norm,95,100,5,88,12
L19_SEED_1,b16_AFTER_FFN,b17_AFTER_ATTN,coarse,raw,95,91,-4,88,3
L19_SEED_1,b17_AFTER_ATTN,b17_AFTER_FFN,coarse,norm,88,88,0,88,0
L19_SEED_1,b17_AFTER_ATTN,b17_AFTER_FFN,coarse,raw,88,88,0,88,0
L19_SEED_1,b17_AFTER_FFN,b18_NORM1,fine,raw,88,25,-63,89,-64
L19_SEED_1,b17_AFTER_FFN,b18_AFTER_ATTN,coarse,norm,88,88,0,88,0
L19_SEED_1,b17_AFTER_FFN,b18_AFTER_ATTN,coarse,raw,88,88,0,88,0
L19_SEED_1,b18_NORM1,b18_ATT_UPDATE,fine,raw,89,20,-69,16,4
L19_SEED_1,b18_ATT_UPDATE,b18_AFTER_ATTN,fine,raw,16,39,23,88,-49
L19_SEED_1,b18_AFTER_ATTN,b18_NORM2,fine,raw,88,25,-63,90,-65
L19_SEED_1,b18_AFTER_ATTN,b18_AFTER_FFN,coarse,norm,88,88,0,88,0
L19_SEED_1,b18_AFTER_ATTN,b18_AFTER_FFN,coarse,raw,88,88,0,88,0
L19_SEED_1,b18_NORM2,b18_FFN_UPDATE,fine,raw,90,26,-64,83,-57
L19_SEED_1,b18_FFN_UPDATE,b18_AFTER_FFN,fine,raw,83,55,-28,88,-33
L19_SEED_2,EMBEDDING,b00_AFTER_ATTN,coarse,norm,144,127,-17,131,-4
L19_SEED_2,EMBEDDING,b00_AFTER_ATTN,coarse,raw,144,135,-9,131,4
L19_SEED_2,b00_AFTER_ATTN,b00_AFTER_FFN,coarse,norm,131,138,7,138,0
L19_SEED_2,b00_AFTER_ATTN,b00_AFTER_FFN,coarse,raw,131,115,-16,138,-23
L19_SEED_2,b00_AFTER_FFN,b01_NORM1,fine,raw,138,125,-13,134,-9
L19_SEED_2,b00_AFTER_FFN,b01_AFTER_ATTN,coarse,norm,138,126,-12,126,0
L19_SEED_2,b00_AFTER_FFN,b01_AFTER_ATTN,coarse,raw,138,113,-25,126,-13
L19_SEED_2,b01_NORM1,b01_ATT_UPDATE,fine,raw,134,32,-102,83,-51
L19_SEED_2,b01_ATT_UPDATE,b01_AFTER_ATTN,fine,raw,83,44,-39,126,-82
L19_SEED_2,b01_AFTER_ATTN,b01_NORM2,fine,raw,126,115,-11,130,-15
L19_SEED_2,b01_AFTER_ATTN,b01_AFTER_FFN,coarse,norm,126,120,-6,124,-4
L19_SEED_2,b01_AFTER_ATTN,b01_AFTER_FFN,coarse,raw,126,125,-1,124,1
L19_SEED_2,b01_NORM2,b01_FFN_UPDATE,fine,raw,130,45,-85,135,-90
L19_SEED_2,b01_FFN_UPDATE,b01_AFTER_FFN,fine,raw,135,121,-14,124,-3
L19_SEED_2,b01_AFTER_FFN,b02_AFTER_ATTN,coarse,norm,124,123,-1,120,3
L19_SEED_2,b01_AFTER_FFN,b02_AFTER_ATTN,coarse,raw,124,112,-12,120,-8
L19_SEED_2,b02_AFTER_ATTN,b02_AFTER_FFN,coarse,norm,120,129,9,119,10
L19_SEED_2,b02_AFTER_ATTN,b02_AFTER_FFN,coarse,raw,120,117,-3,119,-2
L19_SEED_2,b02_AFTER_FFN,b03_AFTER_ATTN,coarse,norm,119,116,-3,116,0
L19_SEED_2,b02_AFTER_FFN,b03_AFTER_ATTN,coarse,raw,119,105,-14,116,-11
L19_SEED_2,b03_AFTER_ATTN,b03_AFTER_FFN,coarse,norm,116,112,-4,119,-7
L19_SEED_2,b03_AFTER_ATTN,b03_AFTER_FFN,coarse,raw,116,112,-4,119,-7
L19_SEED_2,b03_AFTER_FFN,b04_NORM1,fine,raw,119,117,-2,125,-8
L19_SEED_2,b03_AFTER_FFN,b04_AFTER_ATTN,coarse,norm,119,106,-13,117,-11
L19_SEED_2,b03_AFTER_FFN,b04_AFTER_ATTN,coarse,raw,119,106,-13,117,-11
L19_SEED_2,b04_NORM1,b04_ATT_UPDATE,fine,raw,125,9,-116,42,-33
L19_SEED_2,b04_ATT_UPDATE,b04_AFTER_ATTN,fine,raw,42,51,9,117,-66
L19_SEED_2,b04_AFTER_ATTN,b04_NORM2,fine,raw,117,115,-2,126,-11
L19_SEED_2,b04_AFTER_ATTN,b04_AFTER_FFN,coarse,norm,117,124,7,106,18
L19_SEED_2,b04_AFTER_ATTN,b04_AFTER_FFN,coarse,raw,117,124,7,106,18
L19_SEED_2,b04_NORM2,b04_FFN_UPDATE,fine,raw,126,69,-57,131,-62
L19_SEED_2,b04_FFN_UPDATE,b04_AFTER_FFN,fine,raw,131,125,-6,106,19
L19_SEED_2,b04_AFTER_FFN,b05_AFTER_ATTN,coarse,norm,106,103,-3,103,0
L19_SEED_2,b04_AFTER_FFN,b05_AFTER_ATTN,coarse,raw,106,104,-2,103,1
L19_SEED_2,b05_AFTER_ATTN,b05_AFTER_FFN,coarse,norm,103,95,-8,104,-9
L19_SEED_2,b05_AFTER_ATTN,b05_AFTER_FFN,coarse,raw,103,107,4,104,3
L19_SEED_2,b05_AFTER_FFN,b06_AFTER_ATTN,coarse,norm,104,101,-3,102,-1
L19_SEED_2,b05_AFTER_FFN,b06_AFTER_ATTN,coarse,raw,104,101,-3,102,-1
L19_SEED_2,b06_AFTER_ATTN,b06_AFTER_FFN,coarse,norm,102,91,-11,102,-11
L19_SEED_2,b06_AFTER_ATTN,b06_AFTER_FFN,coarse,raw,102,115,13,102,13
L19_SEED_2,b06_AFTER_FFN,b07_AFTER_ATTN,coarse,norm,102,100,-2,94,6
L19_SEED_2,b06_AFTER_FFN,b07_AFTER_ATTN,coarse,raw,102,104,2,94,10
L19_SEED_2,b07_AFTER_ATTN,b07_AFTER_FFN,coarse,norm,94,88,-6,99,-11
L19_SEED_2,b07_AFTER_ATTN,b07_AFTER_FFN,coarse,raw,94,99,5,99,0
L19_SEED_2,b07_AFTER_FFN,b08_NORM1,fine,raw,99,81,-18,107,-26
L19_SEED_2,b07_AFTER_FFN,b08_AFTER_ATTN,coarse,norm,99,94,-5,94,0
L19_SEED_2,b07_AFTER_FFN,b08_AFTER_ATTN,coarse,raw,99,94,-5,94,0
L19_SEED_2,b08_NORM1,b08_ATT_UPDATE,fine,raw,107,6,-101,31,-25
L19_SEED_2,b08_ATT_UPDATE,b08_AFTER_ATTN,fine,raw,31,50,19,94,-44
L19_SEED_2,b08_AFTER_ATTN,b08_NORM2,fine,raw,94,73,-21,105,-32
L19_SEED_2,b08_AFTER_ATTN,b08_AFTER_FFN,coarse,norm,94,101,7,94,7
L19_SEED_2,b08_AFTER_ATTN,b08_AFTER_FFN,coarse,raw,94,97,3,94,3
L19_SEED_2,b08_NORM2,b08_FFN_UPDATE,fine,raw,105,36,-69,115,-79
L19_SEED_2,b08_FFN_UPDATE,b08_AFTER_FFN,fine,raw,115,91,-24,94,-3
L19_SEED_2,b08_AFTER_FFN,b09_AFTER_ATTN,coarse,norm,94,94,0,105,-11
L19_SEED_2,b08_AFTER_FFN,b09_AFTER_ATTN,coarse,raw,94,88,-6,105,-17
L19_SEED_2,b09_AFTER_ATTN,b09_AFTER_FFN,coarse,norm,105,103,-2,94,9
L19_SEED_2,b09_AFTER_ATTN,b09_AFTER_FFN,coarse,raw,105,104,-1,94,10
L19_SEED_2,b09_AFTER_FFN,b10_AFTER_ATTN,coarse,norm,94,93,-1,102,-9
L19_SEED_2,b09_AFTER_FFN,b10_AFTER_ATTN,coarse,raw,94,88,-6,102,-14
L19_SEED_2,b10_AFTER_ATTN,b10_AFTER_FFN,coarse,norm,102,102,0,102,0
L19_SEED_2,b10_AFTER_ATTN,b10_AFTER_FFN,coarse,raw,102,103,1,102,1
L19_SEED_2,b10_AFTER_FFN,b11_AFTER_ATTN,coarse,norm,102,91,-11,92,-1
L19_SEED_2,b10_AFTER_FFN,b11_AFTER_ATTN,coarse,raw,102,90,-12,92,-2
L19_SEED_2,b11_AFTER_ATTN,b11_AFTER_FFN,coarse,norm,92,92,0,103,-11
L19_SEED_2,b11_AFTER_ATTN,b11_AFTER_FFN,coarse,raw,92,103,11,103,0
L19_SEED_2,b11_AFTER_FFN,b12_NORM1,fine,raw,103,32,-71,103,-71
L19_SEED_2,b11_AFTER_FFN,b12_AFTER_ATTN,coarse,norm,103,92,-11,102,-10
L19_SEED_2,b11_AFTER_FFN,b12_AFTER_ATTN,coarse,raw,103,92,-11,102,-10
L19_SEED_2,b12_NORM1,b12_ATT_UPDATE,fine,raw,103,24,-79,28,-4
L19_SEED_2,b12_ATT_UPDATE,b12_AFTER_ATTN,fine,raw,28,48,20,102,-54
L19_SEED_2,b12_AFTER_ATTN,b12_NORM2,fine,raw,102,33,-69,101,-68
L19_SEED_2,b12_AFTER_ATTN,b12_AFTER_FFN,coarse,norm,102,98,-4,102,-4
L19_SEED_2,b12_AFTER_ATTN,b12_AFTER_FFN,coarse,raw,102,108,6,102,6
L19_SEED_2,b12_NORM2,b12_FFN_UPDATE,fine,raw,101,64,-37,96,-32
L19_SEED_2,b12_FFN_UPDATE,b12_AFTER_FFN,fine,raw,96,69,-27,102,-33
L19_SEED_2,b12_AFTER_FFN,b13_AFTER_ATTN,coarse,norm,102,103,1,87,16
L19_SEED_2,b12_AFTER_FFN,b13_AFTER_ATTN,coarse,raw,102,102,0,87,15
L19_SEED_2,b13_AFTER_ATTN,b13_AFTER_FFN,coarse,norm,87,97,10,98,-1
L19_SEED_2,b13_AFTER_ATTN,b13_AFTER_FFN,coarse,raw,87,99,12,98,1
L19_SEED_2,b13_AFTER_FFN,b14_AFTER_ATTN,coarse,norm,98,87,-11,87,0
L19_SEED_2,b13_AFTER_FFN,b14_AFTER_ATTN,coarse,raw,98,86,-12,87,-1
L19_SEED_2,b14_AFTER_ATTN,b14_AFTER_FFN,coarse,norm,87,87,0,88,-1
L19_SEED_2,b14_AFTER_ATTN,b14_AFTER_FFN,coarse,raw,87,96,9,88,8
L19_SEED_2,b14_AFTER_FFN,b15_AFTER_ATTN,coarse,norm,88,98,10,88,10
L19_SEED_2,b14_AFTER_FFN,b15_AFTER_ATTN,coarse,raw,88,97,9,88,9
L19_SEED_2,b15_AFTER_ATTN,b15_AFTER_FFN,coarse,norm,88,87,-1,87,0
L19_SEED_2,b15_AFTER_ATTN,b15_AFTER_FFN,coarse,raw,88,92,4,87,5
L19_SEED_2,b15_AFTER_FFN,b16_NORM1,fine,raw,87,12,-75,97,-85
L19_SEED_2,b15_AFTER_FFN,b16_AFTER_ATTN,coarse,norm,87,84,-3,85,-1
L19_SEED_2,b15_AFTER_FFN,b16_AFTER_ATTN,coarse,raw,87,96,9,85,11
L19_SEED_2,b16_NORM1,b16_ATT_UPDATE,fine,raw,97,13,-84,6,7
L19_SEED_2,b16_ATT_UPDATE,b16_AFTER_ATTN,fine,raw,6,25,19,85,-60
L19_SEED_2,b16_AFTER_ATTN,b16_NORM2,fine,raw,85,12,-73,93,-81
L19_SEED_2,b16_AFTER_ATTN,b16_AFTER_FFN,coarse,norm,85,84,-1,86,-2
L19_SEED_2,b16_AFTER_ATTN,b16_AFTER_FFN,coarse,raw,85,97,12,86,11
L19_SEED_2,b16_NORM2,b16_FFN_UPDATE,fine,raw,93,51,-42,77,-26
L19_SEED_2,b16_FFN_UPDATE,b16_AFTER_FFN,fine,raw,77,60,-17,86,-26
L19_SEED_2,b16_AFTER_FFN,b17_AFTER_ATTN,coarse,norm,86,85,-1,93,-8
L19_SEED_2,b16_AFTER_FFN,b17_AFTER_ATTN,coarse,raw,86,94,8,93,1
L19_SEED_2,b17_AFTER_ATTN,b17_AFTER_FFN,coarse,norm,93,93,0,91,2
L19_SEED_2,b17_AFTER_ATTN,b17_AFTER_FFN,coarse,raw,93,93,0,91,2
L19_SEED_2,b17_AFTER_FFN,b18_NORM1,fine,raw,91,12,-79,93,-81
L19_SEED_2,b17_AFTER_FFN,b18_AFTER_ATTN,coarse,norm,91,89,-2,84,5
L19_SEED_2,b17_AFTER_FFN,b18_AFTER_ATTN,coarse,raw,91,90,-1,84,6
L19_SEED_2,b18_NORM1,b18_ATT_UPDATE,fine,raw,93,16,-77,17,-1
L19_SEED_2,b18_ATT_UPDATE,b18_AFTER_ATTN,fine,raw,17,17,0,84,-67
L19_SEED_2,b18_AFTER_ATTN,b18_NORM2,fine,raw,84,12,-72,91,-79
L19_SEED_2,b18_AFTER_ATTN,b18_AFTER_FFN,coarse,norm,84,73,-11,84,-11
L19_SEED_2,b18_AFTER_ATTN,b18_AFTER_FFN,coarse,raw,84,85,1,84,1
L19_SEED_2,b18_NORM2,b18_FFN_UPDATE,fine,raw,91,18,-73,69,-51
L19_SEED_2,b18_FFN_UPDATE,b18_AFTER_FFN,fine,raw,69,66,-3,84,-18
L19_SEED_4,EMBEDDING,b00_AFTER_ATTN,coarse,norm,144,135,-9,135,0
L19_SEED_4,EMBEDDING,b00_AFTER_ATTN,coarse,raw,144,130,-14,135,-5
L19_SEED_4,b00_AFTER_ATTN,b00_AFTER_FFN,coarse,norm,135,120,-15,135,-15
L19_SEED_4,b00_AFTER_ATTN,b00_AFTER_FFN,coarse,raw,135,133,-2,135,-2
L19_SEED_4,b00_AFTER_FFN,b01_NORM1,fine,raw,135,128,-7,137,-9
L19_SEED_4,b00_AFTER_FFN,b01_AFTER_ATTN,coarse,norm,135,128,-7,130,-2
L19_SEED_4,b00_AFTER_FFN,b01_AFTER_ATTN,coarse,raw,135,131,-4,130,1
L19_SEED_4,b01_NORM1,b01_ATT_UPDATE,fine,raw,137,24,-113,75,-51
L19_SEED_4,b01_ATT_UPDATE,b01_AFTER_ATTN,fine,raw,75,55,-20,130,-75
L19_SEED_4,b01_AFTER_ATTN,b01_NORM2,fine,raw,130,111,-19,133,-22
L19_SEED_4,b01_AFTER_ATTN,b01_AFTER_FFN,coarse,norm,130,143,13,137,6
L19_SEED_4,b01_AFTER_ATTN,b01_AFTER_FFN,coarse,raw,130,137,7,137,0
L19_SEED_4,b01_NORM2,b01_FFN_UPDATE,fine,raw,133,35,-98,132,-97
L19_SEED_4,b01_FFN_UPDATE,b01_AFTER_FFN,fine,raw,132,97,-35,137,-40
L19_SEED_4,b01_AFTER_FFN,b02_AFTER_ATTN,coarse,norm,137,124,-13,131,-7
L19_SEED_4,b01_AFTER_FFN,b02_AFTER_ATTN,coarse,raw,137,113,-24,131,-18
L19_SEED_4,b02_AFTER_ATTN,b02_AFTER_FFN,coarse,norm,131,133,2,134,-1
L19_SEED_4,b02_AFTER_ATTN,b02_AFTER_FFN,coarse,raw,131,123,-8,134,-11
L19_SEED_4,b02_AFTER_FFN,b03_AFTER_ATTN,coarse,norm,134,126,-8,127,-1
L19_SEED_4,b02_AFTER_FFN,b03_AFTER_ATTN,coarse,raw,134,126,-8,127,-1
L19_SEED_4,b03_AFTER_ATTN,b03_AFTER_FFN,coarse,norm,127,124,-3,127,-3
L19_SEED_4,b03_AFTER_ATTN,b03_AFTER_FFN,coarse,raw,127,136,9,127,9
L19_SEED_4,b03_AFTER_FFN,b04_NORM1,fine,raw,127,120,-7,128,-8
L19_SEED_4,b03_AFTER_FFN,b04_AFTER_ATTN,coarse,norm,127,125,-2,124,1
L19_SEED_4,b03_AFTER_FFN,b04_AFTER_ATTN,coarse,raw,127,125,-2,124,1
L19_SEED_4,b04_NORM1,b04_ATT_UPDATE,fine,raw,128,17,-111,71,-54
L19_SEED_4,b04_ATT_UPDATE,b04_AFTER_ATTN,fine,raw,71,80,9,124,-44
L19_SEED_4,b04_AFTER_ATTN,b04_NORM2,fine,raw,124,112,-12,127,-15
L19_SEED_4,b04_AFTER_ATTN,b04_AFTER_FFN,coarse,norm,124,128,4,123,5
L19_SEED_4,b04_AFTER_ATTN,b04_AFTER_FFN,coarse,raw,124,125,1,123,2
L19_SEED_4,b04_NORM2,b04_FFN_UPDATE,fine,raw,127,61,-66,136,-75
L19_SEED_4,b04_FFN_UPDATE,b04_AFTER_FFN,fine,raw,136,99,-37,123,-24
L19_SEED_4,b04_AFTER_FFN,b05_AFTER_ATTN,coarse,norm,123,116,-7,121,-5
L19_SEED_4,b04_AFTER_FFN,b05_AFTER_ATTN,coarse,raw,123,115,-8,121,-6
L19_SEED_4,b05_AFTER_ATTN,b05_AFTER_FFN,coarse,norm,121,121,0,120,1
L19_SEED_4,b05_AFTER_ATTN,b05_AFTER_FFN,coarse,raw,121,121,0,120,1
L19_SEED_4,b05_AFTER_FFN,b06_AFTER_ATTN,coarse,norm,120,120,0,120,0
L19_SEED_4,b05_AFTER_FFN,b06_AFTER_ATTN,coarse,raw,120,109,-11,120,-11
L19_SEED_4,b06_AFTER_ATTN,b06_AFTER_FFN,coarse,norm,120,121,1,121,0
L19_SEED_4,b06_AFTER_ATTN,b06_AFTER_FFN,coarse,raw,120,121,1,121,0
L19_SEED_4,b06_AFTER_FFN,b07_AFTER_ATTN,coarse,norm,121,121,0,120,1
L19_SEED_4,b06_AFTER_FFN,b07_AFTER_ATTN,coarse,raw,121,121,0,120,1
L19_SEED_4,b07_AFTER_ATTN,b07_AFTER_FFN,coarse,norm,120,109,-11,120,-11
L19_SEED_4,b07_AFTER_ATTN,b07_AFTER_FFN,coarse,raw,120,109,-11,120,-11
L19_SEED_4,b07_AFTER_FFN,b08_NORM1,fine,raw,120,100,-20,130,-30
L19_SEED_4,b07_AFTER_FFN,b08_AFTER_ATTN,coarse,norm,120,109,-11,120,-11
L19_SEED_4,b07_AFTER_FFN,b08_AFTER_ATTN,coarse,raw,120,108,-12,120,-12
L19_SEED_4,b08_NORM1,b08_ATT_UPDATE,fine,raw,130,16,-114,49,-33
L19_SEED_4,b08_ATT_UPDATE,b08_AFTER_ATTN,fine,raw,49,24,-25,120,-96
L19_SEED_4,b08_AFTER_ATTN,b08_NORM2,fine,raw,120,100,-20,129,-29
L19_SEED_4,b08_AFTER_ATTN,b08_AFTER_FFN,coarse,norm,120,125,5,126,-1
L19_SEED_4,b08_AFTER_ATTN,b08_AFTER_FFN,coarse,raw,120,124,4,126,-2
L19_SEED_4,b08_NORM2,b08_FFN_UPDATE,fine,raw,129,43,-86,125,-82
L19_SEED_4,b08_FFN_UPDATE,b08_AFTER_FFN,fine,raw,125,83,-42,126,-43
L19_SEED_4,b08_AFTER_FFN,b09_AFTER_ATTN,coarse,norm,126,104,-22,118,-14
L19_SEED_4,b08_AFTER_FFN,b09_AFTER_ATTN,coarse,raw,126,108,-18,118,-10
L19_SEED_4,b09_AFTER_ATTN,b09_AFTER_FFN,coarse,norm,118,118,0,119,-1
L19_SEED_4,b09_AFTER_ATTN,b09_AFTER_FFN,coarse,raw,118,124,6,119,5
L19_SEED_4,b09_AFTER_FFN,b10_AFTER_ATTN,coarse,norm,119,106,-13,117,-11
L19_SEED_4,b09_AFTER_FFN,b10_AFTER_ATTN,coarse,raw,119,105,-14,117,-12
L19_SEED_4,b10_AFTER_ATTN,b10_AFTER_FFN,coarse,norm,117,122,5,117,5
L19_SEED_4,b10_AFTER_ATTN,b10_AFTER_FFN,coarse,raw,117,110,-7,117,-7
L19_SEED_4,b10_AFTER_FFN,b11_AFTER_ATTN,coarse,norm,117,97,-20,112,-15
L19_SEED_4,b10_AFTER_FFN,b11_AFTER_ATTN,coarse,raw,117,100,-17,112,-12
L19_SEED_4,b11_AFTER_ATTN,b11_AFTER_FFN,coarse,norm,112,113,1,112,1
L19_SEED_4,b11_AFTER_ATTN,b11_AFTER_FFN,coarse,raw,112,113,1,112,1
L19_SEED_4,b11_AFTER_FFN,b12_NORM1,fine,raw,112,43,-69,125,-82
L19_SEED_4,b11_AFTER_FFN,b12_AFTER_ATTN,coarse,norm,112,104,-8,102,2
L19_SEED_4,b11_AFTER_FFN,b12_AFTER_ATTN,coarse,raw,112,93,-19,102,-9
L19_SEED_4,b12_NORM1,b12_ATT_UPDATE,fine,raw,125,24,-101,47,-23
L19_SEED_4,b12_ATT_UPDATE,b12_AFTER_ATTN,fine,raw,47,46,-1,102,-56
L19_SEED_4,b12_AFTER_ATTN,b12_NORM2,fine,raw,102,47,-55,114,-67
L19_SEED_4,b12_AFTER_ATTN,b12_AFTER_FFN,coarse,norm,102,110,8,110,0
L19_SEED_4,b12_AFTER_ATTN,b12_AFTER_FFN,coarse,raw,102,106,4,110,-4
L19_SEED_4,b12_NORM2,b12_FFN_UPDATE,fine,raw,114,37,-77,99,-62
L19_SEED_4,b12_FFN_UPDATE,b12_AFTER_FFN,fine,raw,99,65,-34,110,-45
L19_SEED_4,b12_AFTER_FFN,b13_AFTER_ATTN,coarse,norm,110,96,-14,104,-8
L19_SEED_4,b12_AFTER_FFN,b13_AFTER_ATTN,coarse,raw,110,92,-18,104,-12
L19_SEED_4,b13_AFTER_ATTN,b13_AFTER_FFN,coarse,norm,104,103,-1,103,0
L19_SEED_4,b13_AFTER_ATTN,b13_AFTER_FFN,coarse,raw,104,105,1,103,2
L19_SEED_4,b13_AFTER_FFN,b14_AFTER_ATTN,coarse,norm,103,101,-2,102,-1
L19_SEED_4,b13_AFTER_FFN,b14_AFTER_ATTN,coarse,raw,103,101,-2,102,-1
L19_SEED_4,b14_AFTER_ATTN,b14_AFTER_FFN,coarse,norm,102,102,0,102,0
L19_SEED_4,b14_AFTER_ATTN,b14_AFTER_FFN,coarse,raw,102,102,0,102,0
L19_SEED_4,b14_AFTER_FFN,b15_AFTER_ATTN,coarse,norm,102,97,-5,104,-7
L19_SEED_4,b14_AFTER_FFN,b15_AFTER_ATTN,coarse,raw,102,96,-6,104,-8
L19_SEED_4,b15_AFTER_ATTN,b15_AFTER_FFN,coarse,norm,104,102,-2,102,0
L19_SEED_4,b15_AFTER_ATTN,b15_AFTER_FFN,coarse,raw,104,96,-8,102,-6
L19_SEED_4,b15_AFTER_FFN,b16_NORM1,fine,raw,102,18,-84,112,-94
L19_SEED_4,b15_AFTER_FFN,b16_AFTER_ATTN,coarse,norm,102,95,-7,101,-6
L19_SEED_4,b15_AFTER_FFN,b16_AFTER_ATTN,coarse,raw,102,77,-25,101,-24
L19_SEED_4,b16_NORM1,b16_ATT_UPDATE,fine,raw,112,22,-90,52,-30
L19_SEED_4,b16_ATT_UPDATE,b16_AFTER_ATTN,fine,raw,52,42,-10,101,-59
L19_SEED_4,b16_AFTER_ATTN,b16_NORM2,fine,raw,101,18,-83,108,-90
L19_SEED_4,b16_AFTER_ATTN,b16_AFTER_FFN,coarse,norm,101,100,-1,100,0
L19_SEED_4,b16_AFTER_ATTN,b16_AFTER_FFN,coarse,raw,101,95,-6,100,-5
L19_SEED_4,b16_NORM2,b16_FFN_UPDATE,fine,raw,108,52,-56,92,-40
L19_SEED_4,b16_FFN_UPDATE,b16_AFTER_FFN,fine,raw,92,54,-38,100,-46
L19_SEED_4,b16_AFTER_FFN,b17_AFTER_ATTN,coarse,norm,100,94,-6,95,-1
L19_SEED_4,b16_AFTER_FFN,b17_AFTER_ATTN,coarse,raw,100,83,-17,95,-12
L19_SEED_4,b17_AFTER_ATTN,b17_AFTER_FFN,coarse,norm,95,94,-1,94,0
L19_SEED_4,b17_AFTER_ATTN,b17_AFTER_FFN,coarse,raw,95,93,-2,94,-1
L19_SEED_4,b17_AFTER_FFN,b18_NORM1,fine,raw,94,17,-77,100,-83
L19_SEED_4,b17_AFTER_FFN,b18_AFTER_ATTN,coarse,norm,94,92,-2,93,-1
L19_SEED_4,b17_AFTER_FFN,b18_AFTER_ATTN,coarse,raw,94,93,-1,93,0
L19_SEED_4,b18_NORM1,b18_ATT_UPDATE,fine,raw,100,28,-72,29,-1
L19_SEED_4,b18_ATT_UPDATE,b18_AFTER_ATTN,fine,raw,29,31,2,93,-62
L19_SEED_4,b18_AFTER_ATTN,b18_NORM2,fine,raw,93,17,-76,95,-78
L19_SEED_4,b18_AFTER_ATTN,b18_AFTER_FFN,coarse,norm,93,92,-1,92,0
L19_SEED_4,b18_AFTER_ATTN,b18_AFTER_FFN,coarse,raw,93,93,0,92,1
L19_SEED_4,b18_NORM2,b18_FFN_UPDATE,fine,raw,95,26,-69,91,-65
L19_SEED_4,b18_FFN_UPDATE,b18_AFTER_FFN,fine,raw,91,47,-44,92,-45
L18_SEED_2_CONTROL,EMBEDDING,b00_AFTER_ATTN,coarse,norm,144,133,-11,135,-2
L18_SEED_2_CONTROL,EMBEDDING,b00_AFTER_ATTN,coarse,raw,144,133,-11,135,-2
L18_SEED_2_CONTROL,b00_AFTER_ATTN,b00_AFTER_FFN,coarse,norm,135,114,-21,134,-20
L18_SEED_2_CONTROL,b00_AFTER_ATTN,b00_AFTER_FFN,coarse,raw,135,104,-31,134,-30
L18_SEED_2_CONTROL,b00_AFTER_FFN,b01_NORM1,fine,raw,134,118,-16,136,-18
L18_SEED_2_CONTROL,b00_AFTER_FFN,b01_AFTER_ATTN,coarse,norm,134,108,-26,133,-25
L18_SEED_2_CONTROL,b00_AFTER_FFN,b01_AFTER_ATTN,coarse,raw,134,107,-27,133,-26
L18_SEED_2_CONTROL,b01_NORM1,b01_ATT_UPDATE,fine,raw,136,15,-121,75,-60
L18_SEED_2_CONTROL,b01_ATT_UPDATE,b01_AFTER_ATTN,fine,raw,75,50,-25,133,-83
L18_SEED_2_CONTROL,b01_AFTER_ATTN,b01_NORM2,fine,raw,133,119,-14,136,-17
L18_SEED_2_CONTROL,b01_AFTER_ATTN,b01_AFTER_FFN,coarse,norm,133,117,-16,137,-20
L18_SEED_2_CONTROL,b01_AFTER_ATTN,b01_AFTER_FFN,coarse,raw,133,115,-18,137,-22
L18_SEED_2_CONTROL,b01_NORM2,b01_FFN_UPDATE,fine,raw,136,65,-71,138,-73
L18_SEED_2_CONTROL,b01_FFN_UPDATE,b01_AFTER_FFN,fine,raw,138,102,-36,137,-35
L18_SEED_2_CONTROL,b01_AFTER_FFN,b02_AFTER_ATTN,coarse,norm,137,110,-27,116,-6
L18_SEED_2_CONTROL,b01_AFTER_FFN,b02_AFTER_ATTN,coarse,raw,137,115,-22,116,-1
L18_SEED_2_CONTROL,b02_AFTER_ATTN,b02_AFTER_FFN,coarse,norm,116,122,6,118,4
L18_SEED_2_CONTROL,b02_AFTER_ATTN,b02_AFTER_FFN,coarse,raw,116,118,2,118,0
L18_SEED_2_CONTROL,b02_AFTER_FFN,b03_AFTER_ATTN,coarse,norm,118,104,-14,117,-13
L18_SEED_2_CONTROL,b02_AFTER_FFN,b03_AFTER_ATTN,coarse,raw,118,104,-14,117,-13
L18_SEED_2_CONTROL,b03_AFTER_ATTN,b03_AFTER_FFN,coarse,norm,117,128,11,117,11
L18_SEED_2_CONTROL,b03_AFTER_ATTN,b03_AFTER_FFN,coarse,raw,117,115,-2,117,-2
L18_SEED_2_CONTROL,b03_AFTER_FFN,b04_NORM1,fine,raw,117,117,0,132,-15
L18_SEED_2_CONTROL,b03_AFTER_FFN,b04_AFTER_ATTN,coarse,norm,117,103,-14,103,0
L18_SEED_2_CONTROL,b03_AFTER_FFN,b04_AFTER_ATTN,coarse,raw,117,102,-15,103,-1
L18_SEED_2_CONTROL,b04_NORM1,b04_ATT_UPDATE,fine,raw,132,31,-101,42,-11
L18_SEED_2_CONTROL,b04_ATT_UPDATE,b04_AFTER_ATTN,fine,raw,42,39,-3,103,-64
L18_SEED_2_CONTROL,b04_AFTER_ATTN,b04_NORM2,fine,raw,103,109,6,128,-19
L18_SEED_2_CONTROL,b04_AFTER_ATTN,b04_AFTER_FFN,coarse,norm,103,116,13,103,13
L18_SEED_2_CONTROL,b04_AFTER_ATTN,b04_AFTER_FFN,coarse,raw,103,115,12,103,12
L18_SEED_2_CONTROL,b04_NORM2,b04_FFN_UPDATE,fine,raw,128,52,-76,137,-85
L18_SEED_2_CONTROL,b04_FFN_UPDATE,b04_AFTER_FFN,fine,raw,137,116,-21,103,13
L18_SEED_2_CONTROL,b04_AFTER_FFN,b05_AFTER_ATTN,coarse,norm,103,101,-2,103,-2
L18_SEED_2_CONTROL,b04_AFTER_FFN,b05_AFTER_ATTN,coarse,raw,103,102,-1,103,-1
L18_SEED_2_CONTROL,b05_AFTER_ATTN,b05_AFTER_FFN,coarse,norm,103,91,-12,102,-11
L18_SEED_2_CONTROL,b05_AFTER_ATTN,b05_AFTER_FFN,coarse,raw,103,105,2,102,3
L18_SEED_2_CONTROL,b05_AFTER_FFN,b06_AFTER_ATTN,coarse,norm,102,100,-2,93,7
L18_SEED_2_CONTROL,b05_AFTER_FFN,b06_AFTER_ATTN,coarse,raw,102,100,-2,93,7
L18_SEED_2_CONTROL,b06_AFTER_ATTN,b06_AFTER_FFN,coarse,norm,93,101,8,96,5
L18_SEED_2_CONTROL,b06_AFTER_ATTN,b06_AFTER_FFN,coarse,raw,93,111,18,96,15
L18_SEED_2_CONTROL,b06_AFTER_FFN,b07_AFTER_ATTN,coarse,norm,96,101,5,92,9
L18_SEED_2_CONTROL,b06_AFTER_FFN,b07_AFTER_ATTN,coarse,raw,96,94,-2,92,2
L18_SEED_2_CONTROL,b07_AFTER_ATTN,b07_AFTER_FFN,coarse,norm,92,92,0,92,0
L18_SEED_2_CONTROL,b07_AFTER_ATTN,b07_AFTER_FFN,coarse,raw,92,102,10,92,10
L18_SEED_2_CONTROL,b07_AFTER_FFN,b08_NORM1,fine,raw,92,60,-32,110,-50
L18_SEED_2_CONTROL,b07_AFTER_FFN,b08_AFTER_ATTN,coarse,norm,92,90,-2,91,-1
L18_SEED_2_CONTROL,b07_AFTER_FFN,b08_AFTER_ATTN,coarse,raw,92,90,-2,91,-1
L18_SEED_2_CONTROL,b08_NORM1,b08_ATT_UPDATE,fine,raw,110,15,-95,40,-25
L18_SEED_2_CONTROL,b08_ATT_UPDATE,b08_AFTER_ATTN,fine,raw,40,25,-15,91,-66
L18_SEED_2_CONTROL,b08_AFTER_ATTN,b08_NORM2,fine,raw,91,60,-31,109,-49
L18_SEED_2_CONTROL,b08_AFTER_ATTN,b08_AFTER_FFN,coarse,norm,91,99,8,91,8
L18_SEED_2_CONTROL,b08_AFTER_ATTN,b08_AFTER_FFN,coarse,raw,91,110,19,91,19
L18_SEED_2_CONTROL,b08_NORM2,b08_FFN_UPDATE,fine,raw,109,61,-48,119,-58
L18_SEED_2_CONTROL,b08_FFN_UPDATE,b08_AFTER_FFN,fine,raw,119,99,-20,91,8
L18_SEED_2_CONTROL,b08_AFTER_FFN,b09_AFTER_ATTN,coarse,norm,91,88,-3,91,-3
L18_SEED_2_CONTROL,b08_AFTER_FFN,b09_AFTER_ATTN,coarse,raw,91,88,-3,91,-3
L18_SEED_2_CONTROL,b09_AFTER_ATTN,b09_AFTER_FFN,coarse,norm,91,97,6,91,6
L18_SEED_2_CONTROL,b09_AFTER_ATTN,b09_AFTER_FFN,coarse,raw,91,108,17,91,17
L18_SEED_2_CONTROL,b09_AFTER_FFN,b10_AFTER_ATTN,coarse,norm,91,91,0,92,-1
L18_SEED_2_CONTROL,b09_AFTER_FFN,b10_AFTER_ATTN,coarse,raw,91,92,1,92,0
L18_SEED_2_CONTROL,b10_AFTER_ATTN,b10_AFTER_FFN,coarse,norm,92,93,1,97,-4
L18_SEED_2_CONTROL,b10_AFTER_ATTN,b10_AFTER_FFN,coarse,raw,92,92,0,97,-5
L18_SEED_2_CONTROL,b10_AFTER_FFN,b11_AFTER_ATTN,coarse,norm,97,96,-1,92,4
L18_SEED_2_CONTROL,b10_AFTER_FFN,b11_AFTER_ATTN,coarse,raw,97,91,-6,92,-1
L18_SEED_2_CONTROL,b11_AFTER_ATTN,b11_AFTER_FFN,coarse,norm,92,91,-1,92,-1
L18_SEED_2_CONTROL,b11_AFTER_ATTN,b11_AFTER_FFN,coarse,raw,92,104,12,92,12
L18_SEED_2_CONTROL,b11_AFTER_FFN,b12_NORM1,fine,raw,92,35,-57,110,-75
L18_SEED_2_CONTROL,b11_AFTER_FFN,b12_AFTER_ATTN,coarse,norm,92,96,4,92,4
L18_SEED_2_CONTROL,b11_AFTER_FFN,b12_AFTER_ATTN,coarse,raw,92,93,1,92,1
L18_SEED_2_CONTROL,b12_NORM1,b12_ATT_UPDATE,fine,raw,110,24,-86,20,4
L18_SEED_2_CONTROL,b12_ATT_UPDATE,b12_AFTER_ATTN,fine,raw,20,26,6,92,-66
L18_SEED_2_CONTROL,b12_AFTER_ATTN,b12_NORM2,fine,raw,92,36,-56,108,-72
L18_SEED_2_CONTROL,b12_AFTER_ATTN,b12_AFTER_FFN,coarse,norm,92,90,-2,95,-5
L18_SEED_2_CONTROL,b12_AFTER_ATTN,b12_AFTER_FFN,coarse,raw,92,107,15,95,12
L18_SEED_2_CONTROL,b12_NORM2,b12_FFN_UPDATE,fine,raw,108,37,-71,89,-52
L18_SEED_2_CONTROL,b12_FFN_UPDATE,b12_AFTER_FFN,fine,raw,89,91,2,95,-4
L18_SEED_2_CONTROL,b12_AFTER_FFN,b13_AFTER_ATTN,coarse,norm,95,90,-5,89,1
L18_SEED_2_CONTROL,b12_AFTER_FFN,b13_AFTER_ATTN,coarse,raw,95,101,6,89,12
L18_SEED_2_CONTROL,b13_AFTER_ATTN,b13_AFTER_FFN,coarse,norm,89,97,8,91,6
L18_SEED_2_CONTROL,b13_AFTER_ATTN,b13_AFTER_FFN,coarse,raw,89,96,7,91,5
L18_SEED_2_CONTROL,b13_AFTER_FFN,b14_AFTER_ATTN,coarse,norm,91,82,-9,84,-2
L18_SEED_2_CONTROL,b13_AFTER_FFN,b14_AFTER_ATTN,coarse,raw,91,84,-7,84,0
L18_SEED_2_CONTROL,b14_AFTER_ATTN,b14_AFTER_FFN,coarse,norm,84,82,-2,82,0
L18_SEED_2_CONTROL,b14_AFTER_ATTN,b14_AFTER_FFN,coarse,raw,84,83,-1,82,1
L18_SEED_2_CONTROL,b14_AFTER_FFN,b15_AFTER_ATTN,coarse,norm,82,78,-4,80,-2
L18_SEED_2_CONTROL,b14_AFTER_FFN,b15_AFTER_ATTN,coarse,raw,82,90,8,80,10
L18_SEED_2_CONTROL,b15_AFTER_ATTN,b15_AFTER_FFN,coarse,norm,80,83,3,80,3
L18_SEED_2_CONTROL,b15_AFTER_ATTN,b15_AFTER_FFN,coarse,raw,80,91,11,80,11
L18_SEED_2_CONTROL,b15_AFTER_FFN,b16_NORM1,fine,raw,80,12,-68,92,-80
L18_SEED_2_CONTROL,b15_AFTER_FFN,b16_AFTER_ATTN,coarse,norm,80,78,-2,81,-3
L18_SEED_2_CONTROL,b15_AFTER_FFN,b16_AFTER_ATTN,coarse,raw,80,89,9,81,8
L18_SEED_2_CONTROL,b16_NORM1,b16_ATT_UPDATE,fine,raw,92,30,-62,9,21
L18_SEED_2_CONTROL,b16_ATT_UPDATE,b16_AFTER_ATTN,fine,raw,9,27,18,81,-54
L18_SEED_2_CONTROL,b16_AFTER_ATTN,b16_NORM2,fine,raw,81,12,-69,91,-79
L18_SEED_2_CONTROL,b16_AFTER_ATTN,b16_AFTER_FFN,coarse,norm,81,81,0,81,0
L18_SEED_2_CONTROL,b16_AFTER_ATTN,b16_AFTER_FFN,coarse,raw,81,94,13,81,13
L18_SEED_2_CONTROL,b16_NORM2,b16_FFN_UPDATE,fine,raw,91,33,-58,83,-50
L18_SEED_2_CONTROL,b16_FFN_UPDATE,b16_AFTER_FFN,fine,raw,83,54,-29,81,-27
L18_SEED_2_CONTROL,b16_AFTER_FFN,b17_NORM1,fine,raw,81,12,-69,92,-80
L18_SEED_2_CONTROL,b16_AFTER_FFN,b17_AFTER_ATTN,coarse,norm,81,91,10,78,13
L18_SEED_2_CONTROL,b16_AFTER_FFN,b17_AFTER_ATTN,coarse,raw,81,91,10,78,13
L18_SEED_2_CONTROL,b17_NORM1,b17_ATT_UPDATE,fine,raw,92,34,-58,24,10
L18_SEED_2_CONTROL,b17_ATT_UPDATE,b17_AFTER_ATTN,fine,raw,24,26,2,78,-52
L18_SEED_2_CONTROL,b17_AFTER_ATTN,b17_NORM2,fine,raw,78,12,-66,95,-83
L18_SEED_2_CONTROL,b17_AFTER_ATTN,b17_AFTER_FFN,coarse,norm,78,78,0,78,0
L18_SEED_2_CONTROL,b17_AFTER_ATTN,b17_AFTER_FFN,coarse,raw,78,92,14,78,14
L18_SEED_2_CONTROL,b17_NORM2,b17_FFN_UPDATE,fine,raw,95,42,-53,75,-33
L18_SEED_2_CONTROL,b17_FFN_UPDATE,b17_AFTER_FFN,fine,raw,75,72,-3,78,-6
