configuration_id,src_tap,dst_tap,finite,fit_rank,cond,rel_residual_ls,rel_residual_orth,native_dev_tf_exact,transfer_dev_tf_exact,aligned_ls_dev_tf_exact,aligned_orth_dev_tf_exact,recovery_ls,recovery_orth,residual_loss_ls,residual_loss_orth,verdict
L19_SEED_1,EMBEDDING,b00_AFTER_ATTN,true,13,inf,0.0313072,0.32776,142,133,113,118,0,0,20,15,INFORMATION_LOSS
L19_SEED_1,b00_AFTER_ATTN,b00_AFTER_FFN,true,16,47032.8,0.0037128,0.563975,141,142,29,105,0,0,113,37,INFORMATION_LOSS
L19_SEED_1,b00_AFTER_FFN,b01_AFTER_ATTN,true,16,264706,0.0125945,0.160163,140,141,92,139,0,0,49,2,INFORMATION_LOSS
L19_SEED_1,b01_AFTER_ATTN,b01_AFTER_FFN,true,16,75534.6,0.013051,0.35963,140,133,88,126,0,0,45,7,INFORMATION_LOSS
L19_SEED_1,b01_AFTER_FFN,b02_AFTER_ATTN,true,16,212742,0.00890613,0.131624,132,116,124,132,0,0,-8,-16,MIXED
L19_SEED_1,b02_AFTER_ATTN,b02_AFTER_FFN,true,16,88326,0.0113534,0.315767,131,129,59,122,0,0,70,7,INFORMATION_LOSS
L19_SEED_1,b02_AFTER_FFN,b03_AFTER_ATTN,true,16,362172,0.00721359,0.0806042,125,122,112,123,0,0,10,-1,INFORMATION_LOSS
L19_SEED_1,b03_AFTER_ATTN,b03_AFTER_FFN,true,16,141373,0.00755712,0.227454,124,123,93,119,0,0,30,4,INFORMATION_LOSS
L19_SEED_1,b03_AFTER_FFN,b04_AFTER_ATTN,true,16,195656,0.00863156,0.140102,120,119,98,118,0,0,21,1,INFORMATION_LOSS
L19_SEED_1,b04_AFTER_ATTN,b04_AFTER_FFN,true,16,116395,0.00501171,0.241735,119,121,88,121,0,1,33,0,INFORMATION_LOSS
L19_SEED_1,b04_AFTER_FFN,b05_AFTER_ATTN,true,16,159422,0.00522997,0.0571746,120,113,121,114,0,0,-8,-1,MIXED
L19_SEED_1,b05_AFTER_ATTN,b05_AFTER_FFN,true,16,177073,0.00377384,0.184507,119,124,94,125,0,1,30,-1,INFORMATION_LOSS
L19_SEED_1,b05_AFTER_FFN,b06_AFTER_ATTN,true,16,221319,0.00464574,0.0701217,118,118,111,119,0,0,7,-1,INFORMATION_LOSS
L19_SEED_1,b06_AFTER_ATTN,b06_AFTER_FFN,true,16,253105,0.00315322,0.199037,118,118,78,116,0,0,40,2,INFORMATION_LOSS
L19_SEED_1,b06_AFTER_FFN,b07_AFTER_ATTN,true,16,280757,0.00431424,0.0580073,118,117,95,117,0,0,22,0,INFORMATION_LOSS
L19_SEED_1,b07_AFTER_ATTN,b07_AFTER_FFN,true,16,161425,0.00348968,0.139613,116,117,69,118,0,1,48,-1,INFORMATION_LOSS
L19_SEED_1,b07_AFTER_FFN,b08_AFTER_ATTN,true,16,172880,0.00274667,0.041048,110,115,106,115,0,1,9,0,INFORMATION_LOSS
L19_SEED_1,b08_AFTER_ATTN,b08_AFTER_FFN,true,16,210002,0.00317016,0.144551,111,111,105,111,0,0,6,0,INFORMATION_LOSS
L19_SEED_1,b08_AFTER_FFN,b09_AFTER_ATTN,true,16,363486,0.00207056,0.0441217,107,106,101,110,0,0,5,-4,INFORMATION_LOSS
L19_SEED_1,b09_AFTER_ATTN,b09_AFTER_FFN,true,16,357995,0.00213034,0.128489,107,105,96,105,0,0,9,0,INFORMATION_LOSS
L19_SEED_1,b09_AFTER_FFN,b10_AFTER_ATTN,true,16,325708,0.00426797,0.0552876,104,106,108,102,1,0,-2,4,COORDINATE_TRANSFORM
L19_SEED_1,b10_AFTER_ATTN,b10_AFTER_FFN,true,16,112362,0.00180228,0.105263,106,105,98,103,0,0,7,2,INFORMATION_LOSS
L19_SEED_1,b10_AFTER_FFN,b11_AFTER_ATTN,true,16,132516,0.00298276,0.0675434,104,109,93,108,0,0.8,16,1,INFORMATION_LOSS
L19_SEED_1,b11_AFTER_ATTN,b11_AFTER_FFN,true,16,116965,0.00214677,0.114855,105,94,74,94,0,0,20,0,INFORMATION_LOSS
L19_SEED_1,b11_AFTER_FFN,b12_AFTER_ATTN,true,16,174239,0.00245691,0.0412059,107,102,97,103,0,0,5,-1,INFORMATION_LOSS
L19_SEED_1,b12_AFTER_ATTN,b12_AFTER_FFN,true,16,337254,0.00351129,0.0924077,104,100,91,100,0,0,9,0,INFORMATION_LOSS
L19_SEED_1,b12_AFTER_FFN,b13_AFTER_ATTN,true,16,609694,0.00224388,0.0362596,99,103,99,98,0,0,4,5,INFORMATION_LOSS
L19_SEED_1,b13_AFTER_ATTN,b13_AFTER_FFN,true,16,342017,0.00179646,0.0862554,99,99,90,99,0,0,9,0,INFORMATION_LOSS
L19_SEED_1,b13_AFTER_FFN,b14_AFTER_ATTN,true,16,624921,0.00354707,0.0702699,100,98,95,98,0,0,3,0,INFORMATION_LOSS
L19_SEED_1,b14_AFTER_ATTN,b14_AFTER_FFN,true,16,430488,0.00208935,0.0677215,98,96,93,96,0,0,3,0,INFORMATION_LOSS
L19_SEED_1,b14_AFTER_FFN,b15_AFTER_ATTN,true,16,418639,0.00173407,0.0436071,97,99,102,99,1,1,-3,0,COORDINATE_TRANSFORM
L19_SEED_1,b15_AFTER_ATTN,b15_AFTER_FFN,true,16,436760,0.00151591,0.0576063,97,95,91,97,0,0,4,-2,INFORMATION_LOSS
L19_SEED_1,b15_AFTER_FFN,b16_AFTER_ATTN,true,16,394430,0.00202383,0.0562602,94,96,94,100,0,1,2,-4,MIXED
L19_SEED_1,b16_AFTER_ATTN,b16_AFTER_FFN,true,16,373004,0.00146962,0.0666946,95,94,92,95,0,0,2,-1,MIXED
L19_SEED_1,b16_AFTER_FFN,b17_AFTER_ATTN,true,16,377584,0.00161572,0.0656269,88,100,94,100,0.5,1,6,0,MIXED
L19_SEED_1,b17_AFTER_ATTN,b17_AFTER_FFN,true,16,426736,0.00148733,0.0490388,88,88,91,88,0,0,-3,0,MIXED
L19_SEED_1,b17_AFTER_FFN,b18_AFTER_ATTN,true,16,410079,0.00128546,0.046864,88,88,88,88,0,0,0,0,MIXED
L19_SEED_1,b18_AFTER_ATTN,b18_AFTER_FFN,true,16,403399,0.00101757,0.0373678,88,88,89,88,0,0,-1,0,MIXED
L19_SEED_2,EMBEDDING,b00_AFTER_ATTN,true,13,inf,0.0459559,0.315605,131,127,72,141,0,0,55,-14,INFORMATION_LOSS
L19_SEED_2,b00_AFTER_ATTN,b00_AFTER_FFN,true,16,14571.5,0.03215,0.551385,138,138,36,72,0,0,102,66,INFORMATION_LOSS
L19_SEED_2,b00_AFTER_FFN,b01_AFTER_ATTN,true,16,101611,0.0175254,0.162921,126,126,84,122,0,0,42,4,INFORMATION_LOSS
L19_SEED_2,b01_AFTER_ATTN,b01_AFTER_FFN,true,16,73551.8,0.0111644,0.398028,124,120,54,108,0,0,66,12,INFORMATION_LOSS
L19_SEED_2,b01_AFTER_FFN,b02_AFTER_ATTN,true,16,131411,0.0103212,0.114224,120,123,105,127,0,1,18,-4,INFORMATION_LOSS
L19_SEED_2,b02_AFTER_ATTN,b02_AFTER_FFN,true,16,200266,0.0150698,0.370056,119,129,19,106,0,0,110,23,INFORMATION_LOSS
L19_SEED_2,b02_AFTER_FFN,b03_AFTER_ATTN,true,16,254391,0.00894451,0.0754745,116,116,97,127,0,0,19,-11,INFORMATION_LOSS
L19_SEED_2,b03_AFTER_ATTN,b03_AFTER_FFN,true,16,36058.9,0.00505027,0.283897,119,112,87,115,0,0,25,-3,INFORMATION_LOSS
L19_SEED_2,b03_AFTER_FFN,b04_AFTER_ATTN,true,16,534714,0.0078063,0.0609527,117,106,81,111,0,0,25,-5,INFORMATION_LOSS
L19_SEED_2,b04_AFTER_ATTN,b04_AFTER_FFN,true,16,315803,0.007815,0.203394,106,124,86,129,0,1,38,-5,INFORMATION_LOSS
L19_SEED_2,b04_AFTER_FFN,b05_AFTER_ATTN,true,16,441008,0.00957831,0.0823442,103,103,97,102,0,0,6,1,INFORMATION_LOSS
L19_SEED_2,b05_AFTER_ATTN,b05_AFTER_FFN,true,16,224220,0.0062311,0.189816,104,95,86,94,0,0,9,1,INFORMATION_LOSS
L19_SEED_2,b05_AFTER_FFN,b06_AFTER_ATTN,true,16,254404,0.00437864,0.067815,102,101,99,101,0,0,2,0,MIXED
L19_SEED_2,b06_AFTER_ATTN,b06_AFTER_FFN,true,16,159838,0.00550333,0.206436,102,91,87,87,0,0,4,4,INFORMATION_LOSS
L19_SEED_2,b06_AFTER_FFN,b07_AFTER_ATTN,true,16,1.17108e+06,0.005584,0.0660313,94,100,118,102,1,1,-18,-2,COORDINATE_TRANSFORM
L19_SEED_2,b07_AFTER_ATTN,b07_AFTER_FFN,true,16,274469,0.00545301,0.133516,99,88,94,88,0,0,-6,0,MIXED
L19_SEED_2,b07_AFTER_FFN,b08_AFTER_ATTN,true,16,324722,0.00305385,0.0641472,94,94,110,95,0,0,-16,-1,MIXED
L19_SEED_2,b08_AFTER_ATTN,b08_AFTER_FFN,true,16,327636,0.00380497,0.143218,94,101,98,99,0.571429,0.714286,3,2,MIXED
L19_SEED_2,b08_AFTER_FFN,b09_AFTER_ATTN,true,16,555010,0.00231378,0.0425612,105,94,91,98,0,0,3,-4,INFORMATION_LOSS
L19_SEED_2,b09_AFTER_ATTN,b09_AFTER_FFN,true,16,419958,0.00306924,0.126289,94,103,105,97,1,0.333333,-2,6,COORDINATE_TRANSFORM
L19_SEED_2,b09_AFTER_FFN,b10_AFTER_ATTN,true,16,480885,0.00216698,0.0483005,102,93,101,98,0,0,-8,-5,MIXED
L19_SEED_2,b10_AFTER_ATTN,b10_AFTER_FFN,true,16,791770,0.00340101,0.0831777,102,102,99,91,0,0,3,11,INFORMATION_LOSS
L19_SEED_2,b10_AFTER_FFN,b11_AFTER_ATTN,true,16,544829,0.00466099,0.0580373,92,91,112,91,0,0,-21,0,MIXED
L19_SEED_2,b11_AFTER_ATTN,b11_AFTER_FFN,true,16,227785,0.00313104,0.103017,103,92,99,87,0,0,-7,5,MIXED
L19_SEED_2,b11_AFTER_FFN,b12_AFTER_ATTN,true,16,301005,0.00284264,0.0538638,102,92,92,93,0,0,0,-1,MIXED
L19_SEED_2,b12_AFTER_ATTN,b12_AFTER_FFN,true,16,456506,0.00518304,0.12406,102,98,92,98,0,0,6,0,INFORMATION_LOSS
L19_SEED_2,b12_AFTER_FFN,b13_AFTER_ATTN,true,16,467068,0.00208285,0.0422492,87,103,77,102,0,0.9375,26,1,INFORMATION_LOSS
L19_SEED_2,b13_AFTER_ATTN,b13_AFTER_FFN,true,16,919459,0.00365359,0.0974345,98,97,89,97,0,0,8,0,INFORMATION_LOSS
L19_SEED_2,b13_AFTER_FFN,b14_AFTER_ATTN,true,16,1.00156e+06,0.00350951,0.0565581,87,87,100,86,0,0,-13,1,MIXED
L19_SEED_2,b14_AFTER_ATTN,b14_AFTER_FFN,true,16,545147,0.00319605,0.0942987,88,87,70,91,0,0,17,-4,INFORMATION_LOSS
L19_SEED_2,b14_AFTER_FFN,b15_AFTER_ATTN,true,16,621244,0.00391454,0.0496329,88,98,80,90,0,0.2,18,8,INFORMATION_LOSS
L19_SEED_2,b15_AFTER_ATTN,b15_AFTER_FFN,true,16,542684,0.00294647,0.0856322,87,87,84,84,0,0,3,3,INFORMATION_LOSS
L19_SEED_2,b15_AFTER_FFN,b16_AFTER_ATTN,true,16,631063,0.00283952,0.0499885,85,84,76,94,0,0,8,-10,INFORMATION_LOSS
L19_SEED_2,b16_AFTER_ATTN,b16_AFTER_FFN,true,16,525293,0.00270492,0.080963,86,84,62,93,0,0,22,-9,INFORMATION_LOSS
L19_SEED_2,b16_AFTER_FFN,b17_AFTER_ATTN,true,16,648831,0.00326697,0.0512954,93,85,82,95,0,0,3,-10,INFORMATION_LOSS
L19_SEED_2,b17_AFTER_ATTN,b17_AFTER_FFN,true,16,601002,0.00366444,0.0672408,91,93,75,92,0,0.5,18,1,INFORMATION_LOSS
L19_SEED_2,b17_AFTER_FFN,b18_AFTER_ATTN,true,16,921987,0.00279043,0.0611388,84,89,94,92,1,1,-5,-3,COORDINATE_TRANSFORM
L19_SEED_2,b18_AFTER_ATTN,b18_AFTER_FFN,true,16,889091,0.00230621,0.042976,84,73,65,82,0,0,8,-9,INFORMATION_LOSS
L19_SEED_4,EMBEDDING,b00_AFTER_ATTN,true,13,inf,0.0262008,0.370857,135,135,116,135,0,0,19,0,INFORMATION_LOSS
L19_SEED_4,b00_AFTER_ATTN,b00_AFTER_FFN,true,16,36860.1,0.0101647,0.51344,135,120,22,90,0,0,98,30,INFORMATION_LOSS
L19_SEED_4,b00_AFTER_FFN,b01_AFTER_ATTN,true,16,429006,0.0107408,0.11519,130,128,123,132,0,0,5,-4,INFORMATION_LOSS
L19_SEED_4,b01_AFTER_ATTN,b01_AFTER_FFN,true,16,160630,0.00956205,0.411753,137,143,70,135,0,0,73,8,INFORMATION_LOSS
L19_SEED_4,b01_AFTER_FFN,b02_AFTER_ATTN,true,16,280702,0.00795159,0.128325,131,124,64,116,0,0,60,8,INFORMATION_LOSS
L19_SEED_4,b02_AFTER_ATTN,b02_AFTER_FFN,true,16,140314,0.00629384,0.314192,134,133,65,118,0,0,68,15,INFORMATION_LOSS
L19_SEED_4,b02_AFTER_FFN,b03_AFTER_ATTN,true,16,368049,0.00631251,0.0515117,127,126,43,126,0,0,83,0,INFORMATION_LOSS
L19_SEED_4,b03_AFTER_ATTN,b03_AFTER_FFN,true,16,388030,0.00904558,0.243447,127,124,68,129,0,0,56,-5,INFORMATION_LOSS
L19_SEED_4,b03_AFTER_FFN,b04_AFTER_ATTN,true,16,401969,0.00295647,0.0738773,124,125,95,125,0,1,30,0,INFORMATION_LOSS
L19_SEED_4,b04_AFTER_ATTN,b04_AFTER_FFN,true,16,501403,0.00410123,0.255388,123,128,11,124,0,0.2,117,4,INFORMATION_LOSS
L19_SEED_4,b04_AFTER_FFN,b05_AFTER_ATTN,true,16,1.26914e+06,0.00544031,0.0614946,121,116,91,113,0,0,25,3,INFORMATION_LOSS
L19_SEED_4,b05_AFTER_ATTN,b05_AFTER_FFN,true,16,1.42773e+06,0.00402279,0.150687,120,121,49,122,0,1,72,-1,INFORMATION_LOSS
L19_SEED_4,b05_AFTER_FFN,b06_AFTER_ATTN,true,16,1.63099e+06,0.00304531,0.053053,120,120,103,106,0,0,17,14,INFORMATION_LOSS
L19_SEED_4,b06_AFTER_ATTN,b06_AFTER_FFN,true,16,1.61253e+06,0.00300099,0.125587,121,121,97,126,0,0,24,-5,INFORMATION_LOSS
L19_SEED_4,b06_AFTER_FFN,b07_AFTER_ATTN,true,16,860223,0.00233237,0.0366945,120,121,114,117,0,0,7,4,INFORMATION_LOSS
L19_SEED_4,b07_AFTER_ATTN,b07_AFTER_FFN,true,16,732457,0.00300513,0.14255,120,109,93,102,0,0,16,7,INFORMATION_LOSS
L19_SEED_4,b07_AFTER_FFN,b08_AFTER_ATTN,true,16,564108,0.00371263,0.0436701,120,109,115,109,0,0,-6,0,MIXED
L19_SEED_4,b08_AFTER_ATTN,b08_AFTER_FFN,true,16,695948,0.00261137,0.127079,126,125,95,125,0,0,30,0,INFORMATION_LOSS
L19_SEED_4,b08_AFTER_FFN,b09_AFTER_ATTN,true,16,974949,0.00287651,0.051901,118,104,106,104,0,0,-2,0,MIXED
L19_SEED_4,b09_AFTER_ATTN,b09_AFTER_FFN,true,16,1.28327e+06,0.00339154,0.122824,119,118,99,118,0,0,19,0,INFORMATION_LOSS
L19_SEED_4,b09_AFTER_FFN,b10_AFTER_ATTN,true,16,1.5965e+06,0.00303055,0.0651183,117,106,107,104,0,0,-1,2,MIXED
L19_SEED_4,b10_AFTER_ATTN,b10_AFTER_FFN,true,16,1.46499e+06,0.00244182,0.120947,117,122,89,123,0,1,33,-1,INFORMATION_LOSS
L19_SEED_4,b10_AFTER_FFN,b11_AFTER_ATTN,true,16,1.30965e+06,0.00428909,0.0830171,112,97,83,96,0,0,14,1,INFORMATION_LOSS
L19_SEED_4,b11_AFTER_ATTN,b11_AFTER_FFN,true,16,717867,0.00263216,0.11623,112,113,73,117,0,1,40,-4,INFORMATION_LOSS
L19_SEED_4,b11_AFTER_FFN,b12_AFTER_ATTN,true,16,562840,0.0033731,0.0595534,102,104,92,95,0,0,12,9,INFORMATION_LOSS
L19_SEED_4,b12_AFTER_ATTN,b12_AFTER_FFN,true,16,507934,0.00279276,0.111236,110,110,98,115,0,0,12,-5,INFORMATION_LOSS
L19_SEED_4,b12_AFTER_FFN,b13_AFTER_ATTN,true,16,471407,0.00361329,0.0594626,104,96,81,91,0,0,15,5,INFORMATION_LOSS
L19_SEED_4,b13_AFTER_ATTN,b13_AFTER_FFN,true,16,272868,0.00233129,0.0653229,103,103,111,102,0,0,-8,1,MIXED
L19_SEED_4,b13_AFTER_FFN,b14_AFTER_ATTN,true,16,174787,0.00321177,0.0423401,102,101,96,101,0,0,5,0,INFORMATION_LOSS
L19_SEED_4,b14_AFTER_ATTN,b14_AFTER_FFN,true,16,105983,0.00227774,0.0990497,102,102,100,102,0,0,2,0,MIXED
L19_SEED_4,b14_AFTER_FFN,b15_AFTER_ATTN,true,16,113798,0.00357769,0.0630057,104,97,104,97,0,0,-7,0,MIXED
L19_SEED_4,b15_AFTER_ATTN,b15_AFTER_FFN,true,16,132266,0.00182783,0.0753885,102,102,89,103,0,0,13,-1,INFORMATION_LOSS
L19_SEED_4,b15_AFTER_FFN,b16_AFTER_ATTN,true,16,131433,0.00285215,0.0600847,101,95,86,96,0,0,9,-1,INFORMATION_LOSS
L19_SEED_4,b16_AFTER_ATTN,b16_AFTER_FFN,true,16,202313,0.00209565,0.058678,100,100,86,101,0,0,14,-1,INFORMATION_LOSS
L19_SEED_4,b16_AFTER_FFN,b17_AFTER_ATTN,true,16,194411,0.00363569,0.0597096,95,94,83,83,0,0,11,11,INFORMATION_LOSS
L19_SEED_4,b17_AFTER_ATTN,b17_AFTER_FFN,true,16,278322,0.00176322,0.0717602,94,94,86,94,0,0,8,0,INFORMATION_LOSS
L19_SEED_4,b17_AFTER_FFN,b18_AFTER_ATTN,true,16,288175,0.00229395,0.0322484,93,92,87,92,0,0,5,0,INFORMATION_LOSS
L19_SEED_4,b18_AFTER_ATTN,b18_AFTER_FFN,true,16,352892,0.00131833,0.0387403,92,92,87,82,0,0,5,10,INFORMATION_LOSS
L18_SEED_2_CONTROL,EMBEDDING,b00_AFTER_ATTN,true,13,inf,0.043959,0.313143,135,133,53,135,0,0,80,-2,INFORMATION_LOSS
L18_SEED_2_CONTROL,b00_AFTER_ATTN,b00_AFTER_FFN,true,16,54349.3,0.0287447,0.6056,134,114,22,84,0,0,92,30,INFORMATION_LOSS
L18_SEED_2_CONTROL,b00_AFTER_FFN,b01_AFTER_ATTN,true,16,1.63882e+06,0.0133398,0.142351,133,108,36,115,0,0,72,-7,INFORMATION_LOSS
L18_SEED_2_CONTROL,b01_AFTER_ATTN,b01_AFTER_FFN,true,16,122956,0.010501,0.397531,137,117,82,91,0,0,35,26,INFORMATION_LOSS
L18_SEED_2_CONTROL,b01_AFTER_FFN,b02_AFTER_ATTN,true,16,353965,0.011442,0.0836117,116,110,116,116,0,0,-6,-6,MIXED
L18_SEED_2_CONTROL,b02_AFTER_ATTN,b02_AFTER_FFN,true,16,122870,0.0143473,0.331501,118,122,94,111,0,0,28,11,INFORMATION_LOSS
L18_SEED_2_CONTROL,b02_AFTER_FFN,b03_AFTER_ATTN,true,16,186221,0.00537205,0.0817464,117,104,114,121,0,0,-10,-17,MIXED
L18_SEED_2_CONTROL,b03_AFTER_ATTN,b03_AFTER_FFN,true,16,106909,0.00502411,0.271896,117,128,105,124,0,0.636364,23,4,INFORMATION_LOSS
L18_SEED_2_CONTROL,b03_AFTER_FFN,b04_AFTER_ATTN,true,16,260448,0.0048294,0.0620483,103,103,45,100,0,0,58,3,INFORMATION_LOSS
L18_SEED_2_CONTROL,b04_AFTER_ATTN,b04_AFTER_FFN,true,16,1.20158e+06,0.00665877,0.1698,103,116,67,115,0,0.923077,49,1,INFORMATION_LOSS
L18_SEED_2_CONTROL,b04_AFTER_FFN,b05_AFTER_ATTN,true,16,393582,0.00403579,0.083484,103,101,76,101,0,0,25,0,INFORMATION_LOSS
L18_SEED_2_CONTROL,b05_AFTER_ATTN,b05_AFTER_FFN,true,16,522772,0.00511365,0.189447,102,91,91,101,0,0,0,-10,MIXED
L18_SEED_2_CONTROL,b05_AFTER_FFN,b06_AFTER_ATTN,true,16,440732,0.00365818,0.0787013,93,100,78,98,0,0.714286,22,2,INFORMATION_LOSS
L18_SEED_2_CONTROL,b06_AFTER_ATTN,b06_AFTER_FFN,true,16,261096,0.00356049,0.195179,96,101,60,101,0,1,41,0,INFORMATION_LOSS
L18_SEED_2_CONTROL,b06_AFTER_FFN,b07_AFTER_ATTN,true,16,376631,0.00258164,0.0536351,92,101,62,99,0,0.777778,39,2,INFORMATION_LOSS
L18_SEED_2_CONTROL,b07_AFTER_ATTN,b07_AFTER_FFN,true,16,742457,0.00365934,0.140028,92,92,50,92,0,0,42,0,INFORMATION_LOSS
L18_SEED_2_CONTROL,b07_AFTER_FFN,b08_AFTER_ATTN,true,16,2.17434e+06,0.00435281,0.0647009,91,90,61,89,0,0,29,1,INFORMATION_LOSS
L18_SEED_2_CONTROL,b08_AFTER_ATTN,b08_AFTER_FFN,true,16,1.2318e+06,0.0066729,0.140793,91,99,40,92,0,0.125,59,7,INFORMATION_LOSS
L18_SEED_2_CONTROL,b08_AFTER_FFN,b09_AFTER_ATTN,true,16,1.63275e+06,0.00266943,0.0360494,91,88,97,100,0,0,-9,-12,MIXED
L18_SEED_2_CONTROL,b09_AFTER_ATTN,b09_AFTER_FFN,true,16,1.40763e+06,0.00253033,0.104016,91,97,48,92,0,0.166667,49,5,INFORMATION_LOSS
L18_SEED_2_CONTROL,b09_AFTER_FFN,b10_AFTER_ATTN,true,16,2.08941e+06,0.00225537,0.0417682,92,91,73,97,0,0,18,-6,INFORMATION_LOSS
L18_SEED_2_CONTROL,b10_AFTER_ATTN,b10_AFTER_FFN,true,16,2.71005e+06,0.00306207,0.0930017,97,93,95,109,0,0,-2,-16,MIXED
L18_SEED_2_CONTROL,b10_AFTER_FFN,b11_AFTER_ATTN,true,16,2.35479e+06,0.00517681,0.0483228,92,96,94,96,0.5,1,2,0,MIXED
L18_SEED_2_CONTROL,b11_AFTER_ATTN,b11_AFTER_FFN,true,16,971355,0.002477,0.10006,92,91,113,97,0,0,-22,-6,MIXED
L18_SEED_2_CONTROL,b11_AFTER_FFN,b12_AFTER_ATTN,true,16,912184,0.00235425,0.050736,92,96,93,92,0.25,0,3,4,INFORMATION_LOSS
L18_SEED_2_CONTROL,b12_AFTER_ATTN,b12_AFTER_FFN,true,16,489496,0.00176993,0.113537,95,90,72,101,0,0,18,-11,INFORMATION_LOSS
L18_SEED_2_CONTROL,b12_AFTER_FFN,b13_AFTER_ATTN,true,16,767072,0.00262226,0.0449448,89,90,89,101,0,1,1,-11,MIXED
L18_SEED_2_CONTROL,b13_AFTER_ATTN,b13_AFTER_FFN,true,16,711577,0.00255592,0.0911919,91,97,82,95,0,0.666667,15,2,INFORMATION_LOSS
L18_SEED_2_CONTROL,b13_AFTER_FFN,b14_AFTER_ATTN,true,16,636718,0.00199952,0.05339,84,82,92,82,0,0,-10,0,MIXED
L18_SEED_2_CONTROL,b14_AFTER_ATTN,b14_AFTER_FFN,true,16,4.11396e+06,0.00363846,0.0933647,82,82,77,81,0,0,5,1,INFORMATION_LOSS
L18_SEED_2_CONTROL,b14_AFTER_FFN,b15_AFTER_ATTN,true,16,4.29453e+06,0.00296865,0.0544177,80,78,95,92,0,0,-17,-14,MIXED
L18_SEED_2_CONTROL,b15_AFTER_ATTN,b15_AFTER_FFN,true,16,4.1088e+06,0.00297554,0.0885479,80,83,73,78,0,0,10,5,INFORMATION_LOSS
L18_SEED_2_CONTROL,b15_AFTER_FFN,b16_AFTER_ATTN,true,16,2.5499e+06,0.00283395,0.0486849,81,78,97,78,0,0,-19,0,MIXED
L18_SEED_2_CONTROL,b16_AFTER_ATTN,b16_AFTER_FFN,true,16,4.16388e+06,0.00215341,0.0845466,81,81,81,81,0,0,0,0,MIXED
L18_SEED_2_CONTROL,b16_AFTER_FFN,b17_AFTER_ATTN,true,16,2.38603e+06,0.00378733,0.0582159,78,91,70,94,0,1,21,-3,INFORMATION_LOSS
L18_SEED_2_CONTROL,b17_AFTER_ATTN,b17_AFTER_FFN,true,16,1.83866e+06,0.00329395,0.0816737,78,78,89,80,0,0,-11,-2,MIXED
