"condition","run","status","repeats","qnn_execute_successes","qnn_execute_return_code","app_write_hashes_unchanged","app_read_poison_residual_elements","all_outputs_finite","nonfinite_elements","source_node_count","source_tensor_count","actual_output_count","observed_tensor","unique_canonical_hashes","canonical_hash_rle","first_different_run","max_abs_difference","observed_tensor_nonfinite_elements"
"pre_fix_baseline_full","rootcause-baseline-full-01","SUCCESS","100","100","0","True","0","True","0",,,,"embedding_input_gradient","1","NOT_REPORTED_LEGACY_REPORT","-1","0","0"
"pre_fix_baseline_full","rootcause-baseline-full-02","SUCCESS","100","100","0","True","0","True","0",,,,"embedding_input_gradient","2","NOT_REPORTED_LEGACY_REPORT","91","682.983475","0"
"pre_fix_baseline_full","rootcause-baseline-full-03","SUCCESS","100","100","0","True","0","True","0",,,,"embedding_input_gradient","1","NOT_REPORTED_LEGACY_REPORT","-1","0","0"
"pre_fix_baseline_full","rootcause-baseline-full-04","SUCCESS","100","100","0","True","0","True","0",,,,"embedding_input_gradient","1","NOT_REPORTED_LEGACY_REPORT","-1","0","0"
"pre_fix_baseline_full","rootcause-baseline-full-05","SUCCESS","100","100","0","True","0","True","0",,,,"embedding_input_gradient","1","NOT_REPORTED_LEGACY_REPORT","-1","0","0"
"pre_fix_baseline_full","rootcause-baseline-full-06","FAILED","100","100","0","True","0","False","108",,,,"embedding_input_gradient","2","NOT_REPORTED_LEGACY_REPORT","95","inf","36"
"pre_fix_original_dinput","rootcause-original-dinput-w1-01","SUCCESS","100","100","0","True","0","True","0",,,,"embedding_input_gradient","1","0:1-100","-1","0","0"
"pre_fix_original_dinput","rootcause-original-dinput-w1-02","SUCCESS","100","100","0","True","0","True","0",,,,"embedding_input_gradient","1","0:1-100","-1","0","0"
"pre_fix_original_dinput","rootcause-original-dinput-w1-03","SUCCESS","100","100","0","True","0","True","0",,,,"embedding_input_gradient","1","0:1-100","-1","0","0"
"pre_fix_original_dinput","rootcause-original-dinput-w1-04","SUCCESS","100","100","0","True","0","True","0",,,,"embedding_input_gradient","1","0:1-100","-1","0","0"
"pre_fix_original_dinput","rootcause-original-dinput-w1-05","SUCCESS","100","100","0","True","0","True","0",,,,"embedding_input_gradient","1","0:1-100","-1","0","0"
"pre_fix_original_dinput","rootcause-original-dinput-w1-06","SUCCESS","100","100","0","True","0","True","0",,,,"embedding_input_gradient","1","0:1-100","-1","0","0"
"pre_fix_original_dinput","rootcause-original-dinput-w1-07","SUCCESS","100","100","0","True","0","True","0",,,,"embedding_input_gradient","1","0:1-100","-1","0","0"
"pre_fix_original_dinput","rootcause-original-dinput-w1-08","SUCCESS","100","100","0","True","0","True","0",,,,"embedding_input_gradient","1","0:1-100","-1","0","0"
"pre_fix_original_dinput","rootcause-original-dinput-w1-09","SUCCESS","100","100","0","True","0","True","0",,,,"embedding_input_gradient","1","0:1-100","-1","0","0"
"pre_fix_original_dinput","rootcause-original-dinput-w1-10","SUCCESS","100","100","0","True","0","True","0",,,,"embedding_input_gradient","1","0:1-100","-1","0","0"
"pre_fix_original_dinput","rootcause-original-dinput-w1-11","SUCCESS","100","100","0","True","0","True","0",,,,"embedding_input_gradient","1","0:1-100","-1","0","0"
"pre_fix_original_dinput","rootcause-original-dinput-w1-12","SUCCESS","100","100","0","True","0","True","0",,,,"embedding_input_gradient","2","0:1-94,1:95-100","95","31711.9886","0"
"pre_fix_original_dinput","rootcause-original-dinput-w2-01","SUCCESS","100","100","0","True","0","True","0",,,,"embedding_input_gradient","1","0:1-100","-1","0","0"
"pre_fix_original_dinput","rootcause-original-dinput-w2-02","SUCCESS","100","100","0","True","0","True","0",,,,"embedding_input_gradient","1","0:1-100","-1","0","0"
"pre_fix_original_dinput","rootcause-original-dinput-w2-03","SUCCESS","100","100","0","True","0","True","0",,,,"embedding_input_gradient","1","0:1-100","-1","0","0"
"pre_fix_original_dinput","rootcause-original-dinput-w2-04","SUCCESS","100","100","0","True","0","True","0",,,,"embedding_input_gradient","1","0:1-100","-1","0","0"
"pre_fix_original_dinput","rootcause-original-dinput-w2-05","SUCCESS","100","100","0","True","0","True","0",,,,"embedding_input_gradient","1","0:1-100","-1","0","0"
"pre_fix_original_dinput","rootcause-original-dinput-w2-06","SUCCESS","100","100","0","True","0","True","0",,,,"embedding_input_gradient","1","0:1-100","-1","0","0"
"pre_fix_original_dinput","rootcause-original-dinput-w2-07","SUCCESS","100","100","0","True","0","True","0",,,,"embedding_input_gradient","1","0:1-100","-1","0","0"
"pre_fix_original_dinput","rootcause-original-dinput-w2-08","SUCCESS","100","100","0","True","0","True","0",,,,"embedding_input_gradient","1","0:1-100","-1","0","0"
"pre_fix_original_dinput","rootcause-original-dinput-w2-09","SUCCESS","100","100","0","True","0","True","0",,,,"embedding_input_gradient","2","0:1-91,1:92-100","92","31711.9886","0"
"pre_fix_original_dinput","rootcause-original-dinput-w2-10","SUCCESS","100","100","0","True","0","True","0",,,,"embedding_input_gradient","1","0:1-100","-1","0","0"
"pre_fix_original_dinput","rootcause-original-dinput-w2-11","SUCCESS","100","100","0","True","0","True","0",,,,"embedding_input_gradient","1","0:1-100","-1","0","0"
"pre_fix_original_dinput","rootcause-original-dinput-w2-12","SUCCESS","100","100","0","True","0","True","0",,,,"embedding_input_gradient","1","0:1-100","-1","0","0"
"pre_fix_tap_backward","rootcause-tap-backward-w1-02","SUCCESS","100","100","0","True","0","True","0","98","153","22","DSCORES","1","0:1-100","-1","0","0"
"pre_fix_tap_backward","rootcause-tap-backward-w1-03","SUCCESS","100","100","0","True","0","True","0","98","153","22","DSCORES","1","0:1-100","-1","0","0"
"pre_fix_tap_backward","rootcause-tap-backward-w1-04","SUCCESS","100","100","0","True","0","True","0","98","153","22","DSCORES","1","0:1-100","-1","0","0"
"pre_fix_tap_backward","rootcause-tap-backward-w1-05","SUCCESS","100","100","0","True","0","True","0","98","153","22","DSCORES","1","0:1-100","-1","0","0"
"pre_fix_tap_backward","rootcause-tap-backward-w1-06","SUCCESS","100","100","0","True","0","True","0","98","153","22","DSCORES","1","0:1-100","-1","0","0"
"pre_fix_tap_backward","rootcause-tap-backward-w1-07","SUCCESS","100","100","0","True","0","True","0","98","153","22","DSCORES","1","0:1-100","-1","0","0"
"pre_fix_tap_backward","rootcause-tap-backward-w1-08","SUCCESS","100","100","0","True","0","True","0","98","153","22","DSCORES","1","0:1-100","-1","0","0"
"pre_fix_tap_backward","rootcause-tap-backward-w1-09","SUCCESS","100","100","0","True","0","True","0","98","153","22","DSCORES","1","0:1-100","-1","0","0"
"pre_fix_tap_backward","rootcause-tap-backward-w1-10","SUCCESS","100","100","0","True","0","True","0","98","153","22","DSCORES","1","0:1-100","-1","0","0"
"pre_fix_tap_backward","rootcause-tap-backward-w1-11","SUCCESS","100","100","0","True","0","True","0","98","153","22","DSCORES","1","0:1-100","-1","0","0"
"pre_fix_tap_backward","rootcause-tap-backward-w1-12","SUCCESS","100","100","0","True","0","True","0","98","153","22","DSCORES","1","0:1-100","-1","0","0"
"pre_fix_tap_backward","rootcause-tap-backward-w1-13","SUCCESS","100","100","0","True","0","True","0","98","153","22","DSCORES","1","0:1-100","-1","0","0"
"pre_fix_tap_backward","rootcause-tap-backward-w2-01","SUCCESS","100","100","0","True","0","True","0","98","153","22","DSCORES","1","0:1-100","-1","0","0"
"pre_fix_tap_backward","rootcause-tap-backward-w2-02","SUCCESS","100","100","0","True","0","True","0","98","153","22","DSCORES","1","0:1-100","-1","0","0"
"pre_fix_tap_backward","rootcause-tap-backward-w2-03","SUCCESS","100","100","0","True","0","True","0","98","153","22","DSCORES","1","0:1-100","-1","0","0"
"pre_fix_tap_backward","rootcause-tap-backward-w2-04","SUCCESS","100","100","0","True","0","True","0","98","153","22","DSCORES","1","0:1-100","-1","0","0"
"pre_fix_tap_backward","rootcause-tap-backward-w2-05","SUCCESS","100","100","0","True","0","True","0","98","153","22","DSCORES","1","0:1-100","-1","0","0"
"pre_fix_tap_backward","rootcause-tap-backward-w2-06","SUCCESS","100","100","0","True","0","True","0","98","153","22","DSCORES","1","0:1-100","-1","0","0"
"pre_fix_tap_backward","rootcause-tap-backward-w2-07","SUCCESS","100","100","0","True","0","True","0","98","153","22","DSCORES","1","0:1-100","-1","0","0"
"pre_fix_tap_backward","rootcause-tap-backward-w2-08","SUCCESS","100","100","0","True","0","True","0","98","153","22","DSCORES","1","0:1-100","-1","0","0"
"pre_fix_tap_backward","rootcause-tap-backward-w2-09","SUCCESS","100","100","0","True","0","True","0","98","153","22","DSCORES","1","0:1-100","-1","0","0"
"pre_fix_tap_backward","rootcause-tap-backward-w2-10","SUCCESS","100","100","0","True","0","True","0","98","153","22","DSCORES","1","0:1-100","-1","0","0"
"pre_fix_tap_backward","rootcause-tap-backward-w2-11","SUCCESS","100","100","0","True","0","True","0","98","153","22","DSCORES","1","0:1-100","-1","0","0"
"pre_fix_tap_backward","rootcause-tap-backward-w2-12","SUCCESS","100","100","0","True","0","True","0","98","153","22","DSCORES","1","0:1-100","-1","0","0"
"pre_fix_tap_dscores_only","rootcause-tap-dscores-w1-01","SUCCESS","100","100","0","True","0","True","0","98","153","19","DSCORES","1","0:1-100","-1","0","0"
"pre_fix_tap_dscores_only","rootcause-tap-dscores-w1-02","SUCCESS","100","100","0","True","0","True","0","98","153","19","DSCORES","1","0:1-100","-1","0","0"
"pre_fix_tap_dscores_only","rootcause-tap-dscores-w1-03","SUCCESS","100","100","0","True","0","True","0","98","153","19","DSCORES","1","0:1-100","-1","0","0"
"pre_fix_tap_dscores_only","rootcause-tap-dscores-w1-04","SUCCESS","100","100","0","True","0","True","0","98","153","19","DSCORES","1","0:1-100","-1","0","0"
"pre_fix_tap_dscores_only","rootcause-tap-dscores-w1-05","FAILED","100","100","0","True","0","False","126","98","153","19","DSCORES","2","0:1-82,1:83-100","83","5548.0021","36"
"pre_fix_tap_dscores_only","rootcause-tap-dscores-w1-06","FAILED","100","100","0","True","0","False","348","98","153","19","DSCORES","2","0:1-42,1:43-100","43","8392.00017","58"
"pre_fix_tap_dscores_only","rootcause-tap-dscores-w1-07","FAILED","100","100","0","True","0","False","114","98","153","19","DSCORES","2","0:1-81,1:82-100","82","10919.9988","19"
"pre_fix_tap_dscores_only","rootcause-tap-dscores-w1-08","SUCCESS","100","100","0","True","0","True","0","98","153","19","DSCORES","1","0:1-100","-1","0","0"
"pre_fix_tap_dscores_only","rootcause-tap-dscores-w1-09","SUCCESS","100","100","0","True","0","True","0","98","153","19","DSCORES","1","0:1-100","-1","0","0"
"pre_fix_tap_dscores_only","rootcause-tap-dscores-w1-10","SUCCESS","100","100","0","True","0","True","0","98","153","19","DSCORES","1","0:1-100","-1","0","0"
"pre_fix_tap_dscores_only","rootcause-tap-dscores-w1-11","SUCCESS","100","100","0","True","0","True","0","98","153","19","DSCORES","1","0:1-100","-1","0","0"
"pre_fix_tap_dscores_only","rootcause-tap-dscores-w1-12","SUCCESS","100","100","0","True","0","True","0","98","153","19","DSCORES","1","0:1-100","-1","0","0"
"pre_fix_tap_dprob_dscores","rootcause-tap-dprob-dscores-w1-01","SUCCESS","100","100","0","True","0","True","0","98","153","20","DSCORES","1","0:1-100","-1","0","0"
"pre_fix_tap_dprob_dscores","rootcause-tap-dprob-dscores-w1-02","SUCCESS","100","100","0","True","0","True","0","98","153","20","DSCORES","1","0:1-100","-1","0","0"
"pre_fix_tap_dprob_dscores","rootcause-tap-dprob-dscores-w1-03","SUCCESS","100","100","0","True","0","True","0","98","153","20","DSCORES","1","0:1-100","-1","0","0"
"pre_fix_tap_dprob_dscores","rootcause-tap-dprob-dscores-w1-04","SUCCESS","100","100","0","True","0","True","0","98","153","20","DSCORES","1","0:1-100","-1","0","0"
"pre_fix_tap_dprob_dscores","rootcause-tap-dprob-dscores-w1-05","SUCCESS","100","100","0","True","0","True","0","98","153","20","DSCORES","1","0:1-100","-1","0","0"
"pre_fix_tap_dprob_dscores","rootcause-tap-dprob-dscores-w1-06","SUCCESS","100","100","0","True","0","True","0","98","153","20","DSCORES","1","0:1-100","-1","0","0"
"pre_fix_tap_dprob_dscores","rootcause-tap-dprob-dscores-w1-07","SUCCESS","100","100","0","True","0","True","0","98","153","20","DSCORES","1","0:1-100","-1","0","0"
"pre_fix_tap_dprob_dscores","rootcause-tap-dprob-dscores-w1-08","SUCCESS","100","100","0","True","0","True","0","98","153","20","DSCORES","1","0:1-100","-1","0","0"
"pre_fix_tap_dprob_dscores","rootcause-tap-dprob-dscores-w1-09","SUCCESS","100","100","0","True","0","True","0","98","153","20","DSCORES","2","0:1-80,1:81-100","81","3160.00008","0"
"pre_fix_tap_dprob_dscores","rootcause-tap-dprob-dscores-w1-10","SUCCESS","100","100","0","True","0","True","0","98","153","20","DSCORES","1","0:1-100","-1","0","0"
"pre_fix_tap_dprob_dscores","rootcause-tap-dprob-dscores-w1-11","SUCCESS","100","100","0","True","0","True","0","98","153","20","DSCORES","1","0:1-100","-1","0","0"
"pre_fix_tap_dprob_dscores","rootcause-tap-dprob-dscores-w1-12","SUCCESS","100","100","0","True","0","True","0","98","153","20","DSCORES","1","0:1-100","-1","0","0"
"pre_fix_tap_dprob_dscores","rootcause-tap-dprob-dscores-w2-01","SUCCESS","100","100","0","True","0","True","0","98","153","20","DSCORES","1","0:1-100","-1","0","0"
"pre_fix_tap_dprob_dscores","rootcause-tap-dprob-dscores-w2-02","SUCCESS","100","100","0","True","0","True","0","98","153","20","DSCORES","1","0:1-100","-1","0","0"
"pre_fix_tap_dprob_dscores","rootcause-tap-dprob-dscores-w2-03","SUCCESS","100","100","0","True","0","True","0","98","153","20","DSCORES","1","0:1-100","-1","0","0"
"pre_fix_tap_dprob_dscores","rootcause-tap-dprob-dscores-w2-04","FAILED","100","100","0","True","0","False","140","98","153","20","DSCORES","2","0:1-80,1:81-100","81","3160.00008","40"
"pre_fix_tap_dprob_dscores","rootcause-tap-dprob-dscores-w2-05","SUCCESS","100","100","0","True","0","True","0","98","153","20","DSCORES","1","0:1-100","-1","0","0"
"pre_fix_tap_dprob_dscores","rootcause-tap-dprob-dscores-w2-06","SUCCESS","100","100","0","True","0","True","0","98","153","20","DSCORES","1","0:1-100","-1","0","0"
"pre_fix_tap_dprob_dscores","rootcause-tap-dprob-dscores-w2-07","SUCCESS","100","100","0","True","0","True","0","98","153","20","DSCORES","1","0:1-100","-1","0","0"
"pre_fix_tap_dprob_dscores","rootcause-tap-dprob-dscores-w2-08","SUCCESS","100","100","0","True","0","True","0","98","153","20","DSCORES","1","0:1-100","-1","0","0"
"pre_fix_tap_dprob_dscores","rootcause-tap-dprob-dscores-w2-09","SUCCESS","100","100","0","True","0","True","0","98","153","20","DSCORES","1","0:1-100","-1","0","0"
"pre_fix_tap_dprob_dscores","rootcause-tap-dprob-dscores-w2-10","FAILED","100","100","0","True","0","False","102","98","153","20","DSCORES","2","0:1-83,1:84-100","84","11744.0021","17"
"pre_fix_tap_dprob_dscores","rootcause-tap-dprob-dscores-w2-11","SUCCESS","100","100","0","True","0","True","0","98","153","20","DSCORES","1","0:1-100","-1","0","0"
"pre_fix_tap_dprob_dscores","rootcause-tap-dprob-dscores-w2-12","SUCCESS","100","100","0","True","0","True","0","98","153","20","DSCORES","1","0:1-100","-1","0","0"
"post_fix_dinput","rootcause-fixed-dinput-w1-01","SUCCESS","100","100","0","True","0","True","0",,,,"embedding_input_gradient","1","0:1-100","-1","0","0"
"post_fix_dinput","rootcause-fixed-dinput-w1-02","SUCCESS","100","100","0","True","0","True","0",,,,"embedding_input_gradient","1","0:1-100","-1","0","0"
"post_fix_dinput","rootcause-fixed-dinput-w1-03","SUCCESS","100","100","0","True","0","True","0",,,,"embedding_input_gradient","1","0:1-100","-1","0","0"
"post_fix_dinput","rootcause-fixed-dinput-w1-04","SUCCESS","100","100","0","True","0","True","0",,,,"embedding_input_gradient","1","0:1-100","-1","0","0"
"post_fix_dinput","rootcause-fixed-dinput-w1-05","SUCCESS","100","100","0","True","0","True","0",,,,"embedding_input_gradient","1","0:1-100","-1","0","0"
"post_fix_dinput","rootcause-fixed-dinput-w1-06","SUCCESS","100","100","0","True","0","True","0",,,,"embedding_input_gradient","1","0:1-100","-1","0","0"
"post_fix_dinput","rootcause-fixed-dinput-w1-07","SUCCESS","100","100","0","True","0","True","0",,,,"embedding_input_gradient","1","0:1-100","-1","0","0"
"post_fix_dinput","rootcause-fixed-dinput-w1-08","SUCCESS","100","100","0","True","0","True","0",,,,"embedding_input_gradient","1","0:1-100","-1","0","0"
"post_fix_dinput","rootcause-fixed-dinput-w1-09","SUCCESS","100","100","0","True","0","True","0",,,,"embedding_input_gradient","1","0:1-100","-1","0","0"
"post_fix_dinput","rootcause-fixed-dinput-w1-10","SUCCESS","100","100","0","True","0","True","0",,,,"embedding_input_gradient","1","0:1-100","-1","0","0"
"post_fix_dinput","rootcause-fixed-dinput-w1-11","SUCCESS","100","100","0","True","0","True","0",,,,"embedding_input_gradient","1","0:1-100","-1","0","0"
"post_fix_dinput","rootcause-fixed-dinput-w1-12","SUCCESS","100","100","0","True","0","True","0",,,,"embedding_input_gradient","1","0:1-100","-1","0","0"
"post_fix_dinput","rootcause-fixed-dinput-w1-13","SUCCESS","100","100","0","True","0","True","0",,,,"embedding_input_gradient","1","0:1-100","-1","0","0"
"post_fix_dinput","rootcause-fixed-dinput-w1-14","SUCCESS","100","100","0","True","0","True","0",,,,"embedding_input_gradient","1","0:1-100","-1","0","0"
"post_fix_dinput","rootcause-fixed-dinput-w1-15","SUCCESS","100","100","0","True","0","True","0",,,,"embedding_input_gradient","1","0:1-100","-1","0","0"
"post_fix_dinput","rootcause-fixed-dinput-w1-16","SUCCESS","100","100","0","True","0","True","0",,,,"embedding_input_gradient","1","0:1-100","-1","0","0"
"post_fix_dinput","rootcause-fixed-dinput-w1-17","SUCCESS","100","100","0","True","0","True","0",,,,"embedding_input_gradient","1","0:1-100","-1","0","0"
"post_fix_dinput","rootcause-fixed-dinput-w1-18","SUCCESS","100","100","0","True","0","True","0",,,,"embedding_input_gradient","1","0:1-100","-1","0","0"
"post_fix_dinput","rootcause-fixed-dinput-w1-19","SUCCESS","100","100","0","True","0","True","0",,,,"embedding_input_gradient","1","0:1-100","-1","0","0"
"post_fix_dinput","rootcause-fixed-dinput-w1-20","SUCCESS","100","100","0","True","0","True","0",,,,"embedding_input_gradient","1","0:1-100","-1","0","0"
"post_fix_dinput","rootcause-fixed-dinput-w1-21","SUCCESS","100","100","0","True","0","True","0",,,,"embedding_input_gradient","1","0:1-100","-1","0","0"
"post_fix_dinput","rootcause-fixed-dinput-w1-22","SUCCESS","100","100","0","True","0","True","0",,,,"embedding_input_gradient","1","0:1-100","-1","0","0"
"post_fix_dinput","rootcause-fixed-dinput-w1-23","SUCCESS","100","100","0","True","0","True","0",,,,"embedding_input_gradient","1","0:1-100","-1","0","0"
"post_fix_dinput","rootcause-fixed-dinput-w1-24","SUCCESS","100","100","0","True","0","True","0",,,,"embedding_input_gradient","1","0:1-100","-1","0","0"
"post_fix_dinput","rootcause-fixed-dinput-w1-25","SUCCESS","100","100","0","True","0","True","0",,,,"embedding_input_gradient","1","0:1-100","-1","0","0"
"post_fix_dinput","rootcause-fixed-dinput-w1-26","SUCCESS","100","100","0","True","0","True","0",,,,"embedding_input_gradient","1","0:1-100","-1","0","0"
"post_fix_dinput","rootcause-fixed-dinput-w1-27","SUCCESS","100","100","0","True","0","True","0",,,,"embedding_input_gradient","1","0:1-100","-1","0","0"
"post_fix_dinput","rootcause-fixed-dinput-w1-28","SUCCESS","100","100","0","True","0","True","0",,,,"embedding_input_gradient","1","0:1-100","-1","0","0"
"post_fix_dinput","rootcause-fixed-dinput-w1-29","SUCCESS","100","100","0","True","0","True","0",,,,"embedding_input_gradient","1","0:1-100","-1","0","0"
"post_fix_dinput","rootcause-fixed-dinput-w1-30","SUCCESS","100","100","0","True","0","True","0",,,,"embedding_input_gradient","1","0:1-100","-1","0","0"
"post_fix_dinput","rootcause-fixed-dinput-w1-31","SUCCESS","100","100","0","True","0","True","0",,,,"embedding_input_gradient","1","0:1-100","-1","0","0"
"post_fix_dinput","rootcause-fixed-dinput-w1-32","SUCCESS","100","100","0","True","0","True","0",,,,"embedding_input_gradient","1","0:1-100","-1","0","0"
"post_fix_dinput","rootcause-fixed-dinput-w1-33","SUCCESS","100","100","0","True","0","True","0",,,,"embedding_input_gradient","1","0:1-100","-1","0","0"
"post_fix_dinput","rootcause-fixed-dinput-w1-34","SUCCESS","100","100","0","True","0","True","0",,,,"embedding_input_gradient","1","0:1-100","-1","0","0"
"post_fix_dinput","rootcause-fixed-dinput-w1-35","SUCCESS","100","100","0","True","0","True","0",,,,"embedding_input_gradient","1","0:1-100","-1","0","0"
"post_fix_dinput","rootcause-fixed-dinput-w1-36","SUCCESS","100","100","0","True","0","True","0",,,,"embedding_input_gradient","1","0:1-100","-1","0","0"
"post_fix_dinput","rootcause-fixed-dinput-w1-37","SUCCESS","100","100","0","True","0","True","0",,,,"embedding_input_gradient","1","0:1-100","-1","0","0"
"post_fix_dinput","rootcause-fixed-dinput-w1-38","SUCCESS","100","100","0","True","0","True","0",,,,"embedding_input_gradient","1","0:1-100","-1","0","0"
"post_fix_dinput","rootcause-fixed-dinput-w1-39","SUCCESS","100","100","0","True","0","True","0",,,,"embedding_input_gradient","1","0:1-100","-1","0","0"
"post_fix_dinput","rootcause-fixed-dinput-w1-40","SUCCESS","100","100","0","True","0","True","0",,,,"embedding_input_gradient","1","0:1-100","-1","0","0"
"post_fix_dinput","rootcause-fixed-dinput-w1-41","SUCCESS","100","100","0","True","0","True","0",,,,"embedding_input_gradient","1","0:1-100","-1","0","0"
"post_fix_dinput","rootcause-fixed-dinput-w1-42","SUCCESS","100","100","0","True","0","True","0",,,,"embedding_input_gradient","1","0:1-100","-1","0","0"
"post_fix_dinput","rootcause-fixed-dinput-w1-43","SUCCESS","100","100","0","True","0","True","0",,,,"embedding_input_gradient","1","0:1-100","-1","0","0"
"post_fix_dinput","rootcause-fixed-dinput-w1-44","SUCCESS","100","100","0","True","0","True","0",,,,"embedding_input_gradient","1","0:1-100","-1","0","0"
"post_fix_dinput","rootcause-fixed-dinput-w1-45","SUCCESS","100","100","0","True","0","True","0",,,,"embedding_input_gradient","1","0:1-100","-1","0","0"
"post_fix_dinput","rootcause-fixed-dinput-w1-46","SUCCESS","100","100","0","True","0","True","0",,,,"embedding_input_gradient","1","0:1-100","-1","0","0"
"post_fix_dinput","rootcause-fixed-dinput-w1-47","SUCCESS","100","100","0","True","0","True","0",,,,"embedding_input_gradient","1","0:1-100","-1","0","0"
"post_fix_dinput","rootcause-fixed-dinput-w1-48","SUCCESS","100","100","0","True","0","True","0",,,,"embedding_input_gradient","1","0:1-100","-1","0","0"
"post_fix_dinput","rootcause-fixed-dinput-w1-49","SUCCESS","100","100","0","True","0","True","0",,,,"embedding_input_gradient","1","0:1-100","-1","0","0"
"post_fix_dinput","rootcause-fixed-dinput-w1-50","SUCCESS","100","100","0","True","0","True","0",,,,"embedding_input_gradient","1","0:1-100","-1","0","0"
"post_fix_full","rootcause-fixed-full-w1-01","SUCCESS","100","100","0","True","0","True","0",,,,"embedding_input_gradient","1","0:1-100","-1","0","0"
"post_fix_full","rootcause-fixed-full-w1-02","SUCCESS","100","100","0","True","0","True","0",,,,"embedding_input_gradient","1","0:1-100","-1","0","0"
"post_fix_full","rootcause-fixed-full-w1-03","SUCCESS","100","100","0","True","0","True","0",,,,"embedding_input_gradient","1","0:1-100","-1","0","0"
"post_fix_full","rootcause-fixed-full-w1-04","SUCCESS","100","100","0","True","0","True","0",,,,"embedding_input_gradient","1","0:1-100","-1","0","0"
"post_fix_full","rootcause-fixed-full-w1-05","SUCCESS","100","100","0","True","0","True","0",,,,"embedding_input_gradient","1","0:1-100","-1","0","0"
"post_fix_full","rootcause-fixed-full-w1-06","SUCCESS","100","100","0","True","0","True","0",,,,"embedding_input_gradient","1","0:1-100","-1","0","0"
"post_fix_full","rootcause-fixed-full-w1-07","SUCCESS","100","100","0","True","0","True","0",,,,"embedding_input_gradient","1","0:1-100","-1","0","0"
"post_fix_full","rootcause-fixed-full-w1-08","SUCCESS","100","100","0","True","0","True","0",,,,"embedding_input_gradient","1","0:1-100","-1","0","0"
"post_fix_full","rootcause-fixed-full-w1-09","SUCCESS","100","100","0","True","0","True","0",,,,"embedding_input_gradient","1","0:1-100","-1","0","0"
"post_fix_full","rootcause-fixed-full-w1-10","SUCCESS","100","100","0","True","0","True","0",,,,"embedding_input_gradient","1","0:1-100","-1","0","0"
"post_fix_tap_dprob_dscores","rootcause-fixed-tap-dprob-dscores-01","SUCCESS","100","100","0","True","0","True","0","98","153","20","DSCORES","1","0:1-100","-1","0","0"
