"report_id","plan","position","variant","dinput_unique_raw_hashes","dinput_unique_canonical_hashes","dinput_raw_hash_frequencies","dinput_canonical_hash_frequencies","dinput_first_different_run","dinput_first_repeat_different_index","dinput_repeat_max_abs_difference","dinput_repeat_mean_abs_difference","nonfinite_elements","poison_residual_elements","app_write_unchanged"
"order-disc-w1r-abc","full_dinput_dembedding","1","full","2","2","98086e40e683c3f5d2ae59934332421406eeeb54da29d56df376f70330e33a28:14,cc61ee4d6a8e74ad926465f19163e556c1cfa586245f670d22dc0c4d42aafd38:86","98086e40e683c3f5d2ae59934332421406eeeb54da29d56df376f70330e33a28:14,cc61ee4d6a8e74ad926465f19163e556c1cfa586245f670d22dc0c4d42aafd38:86","15","0","779.011719","79.1155667","0","0","true"
"order-disc-w1r-abc","full_dinput_dembedding","2","stop_after_dinput","1","1","98086e40e683c3f5d2ae59934332421406eeeb54da29d56df376f70330e33a28:100","98086e40e683c3f5d2ae59934332421406eeeb54da29d56df376f70330e33a28:100","-1","-1","0","0","0","0","true"
"order-disc-w1r-abc","full_dinput_dembedding","3","stop_after_dembedding","1","1","98086e40e683c3f5d2ae59934332421406eeeb54da29d56df376f70330e33a28:100","98086e40e683c3f5d2ae59934332421406eeeb54da29d56df376f70330e33a28:100","-1","-1","0","0","0","0","true"
"order-disc-w1r-acb","full_dembedding_dinput","1","full","1","1","98086e40e683c3f5d2ae59934332421406eeeb54da29d56df376f70330e33a28:100","98086e40e683c3f5d2ae59934332421406eeeb54da29d56df376f70330e33a28:100","-1","-1","0","0","0","0","true"
"order-disc-w1r-acb","full_dembedding_dinput","2","stop_after_dembedding","1","1","98086e40e683c3f5d2ae59934332421406eeeb54da29d56df376f70330e33a28:100","98086e40e683c3f5d2ae59934332421406eeeb54da29d56df376f70330e33a28:100","-1","-1","0","0","0","0","true"
"order-disc-w1r-acb","full_dembedding_dinput","3","stop_after_dinput","1","1","98086e40e683c3f5d2ae59934332421406eeeb54da29d56df376f70330e33a28:100","98086e40e683c3f5d2ae59934332421406eeeb54da29d56df376f70330e33a28:100","-1","-1","0","0","0","0","true"
"order-disc-w1r-bac","dinput_full_dembedding","1","stop_after_dinput","1","1","98086e40e683c3f5d2ae59934332421406eeeb54da29d56df376f70330e33a28:100","98086e40e683c3f5d2ae59934332421406eeeb54da29d56df376f70330e33a28:100","-1","-1","0","0","0","0","true"
"order-disc-w1r-bac","dinput_full_dembedding","2","full","1","1","98086e40e683c3f5d2ae59934332421406eeeb54da29d56df376f70330e33a28:100","98086e40e683c3f5d2ae59934332421406eeeb54da29d56df376f70330e33a28:100","-1","-1","0","0","0","0","true"
"order-disc-w1r-bac","dinput_full_dembedding","3","stop_after_dembedding","1","1","98086e40e683c3f5d2ae59934332421406eeeb54da29d56df376f70330e33a28:100","98086e40e683c3f5d2ae59934332421406eeeb54da29d56df376f70330e33a28:100","-1","-1","0","0","0","0","true"
"order-disc-w1r-bca","dinput_dembedding_full","1","stop_after_dinput","1","1","98086e40e683c3f5d2ae59934332421406eeeb54da29d56df376f70330e33a28:100","98086e40e683c3f5d2ae59934332421406eeeb54da29d56df376f70330e33a28:100","-1","-1","0","0","0","0","true"
"order-disc-w1r-bca","dinput_dembedding_full","2","stop_after_dembedding","2","2","98086e40e683c3f5d2ae59934332421406eeeb54da29d56df376f70330e33a28:67,c9ec1203932458d505322acf0e8aadb880fa0503ec68dd875d1c378ee0fb8ce5:33","98086e40e683c3f5d2ae59934332421406eeeb54da29d56df376f70330e33a28:67,c9ec1203932458d505322acf0e8aadb880fa0503ec68dd875d1c378ee0fb8ce5:33","68","0","inf","inf","693","0","true"
"order-disc-w1r-bca","dinput_dembedding_full","3","full","1","1","98086e40e683c3f5d2ae59934332421406eeeb54da29d56df376f70330e33a28:100","98086e40e683c3f5d2ae59934332421406eeeb54da29d56df376f70330e33a28:100","-1","-1","0","0","0","0","true"
"order-disc-w1r-cab","dembedding_full_dinput","1","stop_after_dembedding","1","1","98086e40e683c3f5d2ae59934332421406eeeb54da29d56df376f70330e33a28:100","98086e40e683c3f5d2ae59934332421406eeeb54da29d56df376f70330e33a28:100","-1","-1","0","0","0","0","true"
"order-disc-w1r-cab","dembedding_full_dinput","2","full","1","1","98086e40e683c3f5d2ae59934332421406eeeb54da29d56df376f70330e33a28:100","98086e40e683c3f5d2ae59934332421406eeeb54da29d56df376f70330e33a28:100","-1","-1","0","0","0","0","true"
"order-disc-w1r-cab","dembedding_full_dinput","3","stop_after_dinput","2","2","98086e40e683c3f5d2ae59934332421406eeeb54da29d56df376f70330e33a28:92,9a0c71b125a950db5d044f8d5fb19dce12563ea442d67de5966c8b1e9f88e593:8","98086e40e683c3f5d2ae59934332421406eeeb54da29d56df376f70330e33a28:92,9a0c71b125a950db5d044f8d5fb19dce12563ea442d67de5966c8b1e9f88e593:8","93","0","1031.98079","9.29671553","0","0","true"
"order-disc-w1r-cba","dembedding_dinput_full","1","stop_after_dembedding","1","1","98086e40e683c3f5d2ae59934332421406eeeb54da29d56df376f70330e33a28:100","98086e40e683c3f5d2ae59934332421406eeeb54da29d56df376f70330e33a28:100","-1","-1","0","0","0","0","true"
"order-disc-w1r-cba","dembedding_dinput_full","2","stop_after_dinput","2","2","98086e40e683c3f5d2ae59934332421406eeeb54da29d56df376f70330e33a28:51,bf5641e93212d9fa81468dd0d719fbb618e44d06029fe3943aa6151beca07184:49","98086e40e683c3f5d2ae59934332421406eeeb54da29d56df376f70330e33a28:51,bf5641e93212d9fa81468dd0d719fbb618e44d06029fe3943aa6151beca07184:49","52","0","inf","inf","245","0","true"
"order-disc-w1r-cba","dembedding_dinput_full","3","full","1","1","98086e40e683c3f5d2ae59934332421406eeeb54da29d56df376f70330e33a28:100","98086e40e683c3f5d2ae59934332421406eeeb54da29d56df376f70330e33a28:100","-1","-1","0","0","0","0","true"
"order-disc-w1r-aaa","full_full_full","1","full","1","1","98086e40e683c3f5d2ae59934332421406eeeb54da29d56df376f70330e33a28:100","98086e40e683c3f5d2ae59934332421406eeeb54da29d56df376f70330e33a28:100","-1","-1","0","0","0","0","true"
"order-disc-w1r-aaa","full_full_full","2","full","1","1","98086e40e683c3f5d2ae59934332421406eeeb54da29d56df376f70330e33a28:100","98086e40e683c3f5d2ae59934332421406eeeb54da29d56df376f70330e33a28:100","-1","-1","0","0","0","0","true"
"order-disc-w1r-aaa","full_full_full","3","full","1","1","98086e40e683c3f5d2ae59934332421406eeeb54da29d56df376f70330e33a28:100","98086e40e683c3f5d2ae59934332421406eeeb54da29d56df376f70330e33a28:100","-1","-1","0","0","0","0","true"
"order-disc-w1r-bbb","dinput_dinput_dinput","1","stop_after_dinput","1","1","98086e40e683c3f5d2ae59934332421406eeeb54da29d56df376f70330e33a28:100","98086e40e683c3f5d2ae59934332421406eeeb54da29d56df376f70330e33a28:100","-1","-1","0","0","0","0","true"
"order-disc-w1r-bbb","dinput_dinput_dinput","2","stop_after_dinput","2","2","98086e40e683c3f5d2ae59934332421406eeeb54da29d56df376f70330e33a28:35,efb2fc19e70553e67a2340cb8a10888f3cceedde774b4de194681d473907119b:65","98086e40e683c3f5d2ae59934332421406eeeb54da29d56df376f70330e33a28:35,efb2fc19e70553e67a2340cb8a10888f3cceedde774b4de194681d473907119b:65","36","0","31599.9886","1698.26315","0","0","true"
"order-disc-w1r-bbb","dinput_dinput_dinput","3","stop_after_dinput","1","1","98086e40e683c3f5d2ae59934332421406eeeb54da29d56df376f70330e33a28:100","98086e40e683c3f5d2ae59934332421406eeeb54da29d56df376f70330e33a28:100","-1","-1","0","0","0","0","true"
"order-disc-w1r-ccc","dembedding_dembedding_dembedding","1","stop_after_dembedding","2","2","874658969ed4f49e9420b130270d2d9f3acb87487e844a88f6c437a8cb4368f1:69,98086e40e683c3f5d2ae59934332421406eeeb54da29d56df376f70330e33a28:31","874658969ed4f49e9420b130270d2d9f3acb87487e844a88f6c437a8cb4368f1:69,98086e40e683c3f5d2ae59934332421406eeeb54da29d56df376f70330e33a28:31","32","0","8032.02151","578.881165","0","0","true"
"order-disc-w1r-ccc","dembedding_dembedding_dembedding","2","stop_after_dembedding","1","1","98086e40e683c3f5d2ae59934332421406eeeb54da29d56df376f70330e33a28:100","98086e40e683c3f5d2ae59934332421406eeeb54da29d56df376f70330e33a28:100","-1","-1","0","0","0","0","true"
"order-disc-w1r-ccc","dembedding_dembedding_dembedding","3","stop_after_dembedding","1","1","98086e40e683c3f5d2ae59934332421406eeeb54da29d56df376f70330e33a28:100","98086e40e683c3f5d2ae59934332421406eeeb54da29d56df376f70330e33a28:100","-1","-1","0","0","0","0","true"
"order-disc-w2-abc","full_dinput_dembedding","1","full","2","2","98086e40e683c3f5d2ae59934332421406eeeb54da29d56df376f70330e33a28:98,f52e2d0280dbf544b57412aeeb1a53378bcf156024e910dcd70ad8cb597dcb68:2","98086e40e683c3f5d2ae59934332421406eeeb54da29d56df376f70330e33a28:98,f52e2d0280dbf544b57412aeeb1a53378bcf156024e910dcd70ad8cb597dcb68:2","99","0","inf","inf","4","0","true"
"order-disc-w2-abc","full_dinput_dembedding","2","stop_after_dinput","1","1","98086e40e683c3f5d2ae59934332421406eeeb54da29d56df376f70330e33a28:100","98086e40e683c3f5d2ae59934332421406eeeb54da29d56df376f70330e33a28:100","-1","-1","0","0","0","0","true"
"order-disc-w2-abc","full_dinput_dembedding","3","stop_after_dembedding","2","2","98086e40e683c3f5d2ae59934332421406eeeb54da29d56df376f70330e33a28:91,b34c5c7388c77f01b3e15a2f69dcadd5bbfdc12ea792d497b2af87fc9153db30:9","98086e40e683c3f5d2ae59934332421406eeeb54da29d56df376f70330e33a28:91,b34c5c7388c77f01b3e15a2f69dcadd5bbfdc12ea792d497b2af87fc9153db30:9","92","0","inf","inf","99","0","true"
"order-disc-w2-acb","full_dembedding_dinput","1","full","1","1","98086e40e683c3f5d2ae59934332421406eeeb54da29d56df376f70330e33a28:100","98086e40e683c3f5d2ae59934332421406eeeb54da29d56df376f70330e33a28:100","-1","-1","0","0","0","0","true"
"order-disc-w2-acb","full_dembedding_dinput","2","stop_after_dembedding","2","2","98086e40e683c3f5d2ae59934332421406eeeb54da29d56df376f70330e33a28:34,af67f58b2550ec0815425c46a8b5c8c27f9103ab8e53adf30663cbb765633540:66","98086e40e683c3f5d2ae59934332421406eeeb54da29d56df376f70330e33a28:34,af67f58b2550ec0815425c46a8b5c8c27f9103ab8e53adf30663cbb765633540:66","35","0","inf","inf","3366","0","true"
"order-disc-w2-acb","full_dembedding_dinput","3","stop_after_dinput","1","1","98086e40e683c3f5d2ae59934332421406eeeb54da29d56df376f70330e33a28:100","98086e40e683c3f5d2ae59934332421406eeeb54da29d56df376f70330e33a28:100","-1","-1","0","0","0","0","true"
"order-disc-w2-bac","dinput_full_dembedding","1","stop_after_dinput","1","1","98086e40e683c3f5d2ae59934332421406eeeb54da29d56df376f70330e33a28:100","98086e40e683c3f5d2ae59934332421406eeeb54da29d56df376f70330e33a28:100","-1","-1","0","0","0","0","true"
"order-disc-w2-bac","dinput_full_dembedding","2","full","1","1","98086e40e683c3f5d2ae59934332421406eeeb54da29d56df376f70330e33a28:100","98086e40e683c3f5d2ae59934332421406eeeb54da29d56df376f70330e33a28:100","-1","-1","0","0","0","0","true"
"order-disc-w2-bac","dinput_full_dembedding","3","stop_after_dembedding","1","1","98086e40e683c3f5d2ae59934332421406eeeb54da29d56df376f70330e33a28:100","98086e40e683c3f5d2ae59934332421406eeeb54da29d56df376f70330e33a28:100","-1","-1","0","0","0","0","true"
"order-disc-w2-bca","dinput_dembedding_full","1","stop_after_dinput","1","1","98086e40e683c3f5d2ae59934332421406eeeb54da29d56df376f70330e33a28:100","98086e40e683c3f5d2ae59934332421406eeeb54da29d56df376f70330e33a28:100","-1","-1","0","0","0","0","true"
"order-disc-w2-bca","dinput_dembedding_full","2","stop_after_dembedding","1","1","98086e40e683c3f5d2ae59934332421406eeeb54da29d56df376f70330e33a28:100","98086e40e683c3f5d2ae59934332421406eeeb54da29d56df376f70330e33a28:100","-1","-1","0","0","0","0","true"
"order-disc-w2-bca","dinput_dembedding_full","3","full","1","1","98086e40e683c3f5d2ae59934332421406eeeb54da29d56df376f70330e33a28:100","98086e40e683c3f5d2ae59934332421406eeeb54da29d56df376f70330e33a28:100","-1","-1","0","0","0","0","true"
"order-disc-w2-cab","dembedding_full_dinput","1","stop_after_dembedding","1","1","98086e40e683c3f5d2ae59934332421406eeeb54da29d56df376f70330e33a28:100","98086e40e683c3f5d2ae59934332421406eeeb54da29d56df376f70330e33a28:100","-1","-1","0","0","0","0","true"
"order-disc-w2-cab","dembedding_full_dinput","2","full","2","2","98086e40e683c3f5d2ae59934332421406eeeb54da29d56df376f70330e33a28:26,ecc4c9a2dd1c323b7551c2fbc58fce988ac1647fbccbb9465047b3c9b217a2af:74","98086e40e683c3f5d2ae59934332421406eeeb54da29d56df376f70330e33a28:26,ecc4c9a2dd1c323b7551c2fbc58fce988ac1647fbccbb9465047b3c9b217a2af:74","27","0","853.028656","107.835273","0","0","true"
"order-disc-w2-cab","dembedding_full_dinput","3","stop_after_dinput","1","1","98086e40e683c3f5d2ae59934332421406eeeb54da29d56df376f70330e33a28:100","98086e40e683c3f5d2ae59934332421406eeeb54da29d56df376f70330e33a28:100","-1","-1","0","0","0","0","true"
"order-disc-w2-cba","dembedding_dinput_full","1","stop_after_dembedding","1","1","98086e40e683c3f5d2ae59934332421406eeeb54da29d56df376f70330e33a28:100","98086e40e683c3f5d2ae59934332421406eeeb54da29d56df376f70330e33a28:100","-1","-1","0","0","0","0","true"
"order-disc-w2-cba","dembedding_dinput_full","2","stop_after_dinput","1","1","98086e40e683c3f5d2ae59934332421406eeeb54da29d56df376f70330e33a28:100","98086e40e683c3f5d2ae59934332421406eeeb54da29d56df376f70330e33a28:100","-1","-1","0","0","0","0","true"
"order-disc-w2-cba","dembedding_dinput_full","3","full","1","1","98086e40e683c3f5d2ae59934332421406eeeb54da29d56df376f70330e33a28:100","98086e40e683c3f5d2ae59934332421406eeeb54da29d56df376f70330e33a28:100","-1","-1","0","0","0","0","true"
"order-disc-w2-aaa","full_full_full","1","full","1","1","98086e40e683c3f5d2ae59934332421406eeeb54da29d56df376f70330e33a28:100","98086e40e683c3f5d2ae59934332421406eeeb54da29d56df376f70330e33a28:100","-1","-1","0","0","0","0","true"
"order-disc-w2-aaa","full_full_full","2","full","1","1","98086e40e683c3f5d2ae59934332421406eeeb54da29d56df376f70330e33a28:100","98086e40e683c3f5d2ae59934332421406eeeb54da29d56df376f70330e33a28:100","-1","-1","0","0","0","0","true"
"order-disc-w2-aaa","full_full_full","3","full","1","1","98086e40e683c3f5d2ae59934332421406eeeb54da29d56df376f70330e33a28:100","98086e40e683c3f5d2ae59934332421406eeeb54da29d56df376f70330e33a28:100","-1","-1","0","0","0","0","true"
"order-disc-w2-bbb","dinput_dinput_dinput","1","stop_after_dinput","1","1","98086e40e683c3f5d2ae59934332421406eeeb54da29d56df376f70330e33a28:100","98086e40e683c3f5d2ae59934332421406eeeb54da29d56df376f70330e33a28:100","-1","-1","0","0","0","0","true"
"order-disc-w2-bbb","dinput_dinput_dinput","2","stop_after_dinput","1","1","98086e40e683c3f5d2ae59934332421406eeeb54da29d56df376f70330e33a28:100","98086e40e683c3f5d2ae59934332421406eeeb54da29d56df376f70330e33a28:100","-1","-1","0","0","0","0","true"
"order-disc-w2-bbb","dinput_dinput_dinput","3","stop_after_dinput","1","1","98086e40e683c3f5d2ae59934332421406eeeb54da29d56df376f70330e33a28:100","98086e40e683c3f5d2ae59934332421406eeeb54da29d56df376f70330e33a28:100","-1","-1","0","0","0","0","true"
"order-disc-w2-ccc","dembedding_dembedding_dembedding","1","stop_after_dembedding","1","1","98086e40e683c3f5d2ae59934332421406eeeb54da29d56df376f70330e33a28:100","98086e40e683c3f5d2ae59934332421406eeeb54da29d56df376f70330e33a28:100","-1","-1","0","0","0","0","true"
"order-disc-w2-ccc","dembedding_dembedding_dembedding","2","stop_after_dembedding","1","1","98086e40e683c3f5d2ae59934332421406eeeb54da29d56df376f70330e33a28:100","98086e40e683c3f5d2ae59934332421406eeeb54da29d56df376f70330e33a28:100","-1","-1","0","0","0","0","true"
"order-disc-w2-ccc","dembedding_dembedding_dembedding","3","stop_after_dembedding","1","1","98086e40e683c3f5d2ae59934332421406eeeb54da29d56df376f70330e33a28:100","98086e40e683c3f5d2ae59934332421406eeeb54da29d56df376f70330e33a28:100","-1","-1","0","0","0","0","true"
"order-disc-w3-abc","full_dinput_dembedding","1","full","1","1","98086e40e683c3f5d2ae59934332421406eeeb54da29d56df376f70330e33a28:100","98086e40e683c3f5d2ae59934332421406eeeb54da29d56df376f70330e33a28:100","-1","-1","0","0","0","0","true"
"order-disc-w3-abc","full_dinput_dembedding","2","stop_after_dinput","1","1","98086e40e683c3f5d2ae59934332421406eeeb54da29d56df376f70330e33a28:100","98086e40e683c3f5d2ae59934332421406eeeb54da29d56df376f70330e33a28:100","-1","-1","0","0","0","0","true"
"order-disc-w3-abc","full_dinput_dembedding","3","stop_after_dembedding","1","1","98086e40e683c3f5d2ae59934332421406eeeb54da29d56df376f70330e33a28:100","98086e40e683c3f5d2ae59934332421406eeeb54da29d56df376f70330e33a28:100","-1","-1","0","0","0","0","true"
"order-disc-w3-acb","full_dembedding_dinput","1","full","1","1","98086e40e683c3f5d2ae59934332421406eeeb54da29d56df376f70330e33a28:100","98086e40e683c3f5d2ae59934332421406eeeb54da29d56df376f70330e33a28:100","-1","-1","0","0","0","0","true"
"order-disc-w3-acb","full_dembedding_dinput","2","stop_after_dembedding","1","1","98086e40e683c3f5d2ae59934332421406eeeb54da29d56df376f70330e33a28:100","98086e40e683c3f5d2ae59934332421406eeeb54da29d56df376f70330e33a28:100","-1","-1","0","0","0","0","true"
"order-disc-w3-acb","full_dembedding_dinput","3","stop_after_dinput","1","1","98086e40e683c3f5d2ae59934332421406eeeb54da29d56df376f70330e33a28:100","98086e40e683c3f5d2ae59934332421406eeeb54da29d56df376f70330e33a28:100","-1","-1","0","0","0","0","true"
"order-disc-w3-bac","dinput_full_dembedding","1","stop_after_dinput","1","1","98086e40e683c3f5d2ae59934332421406eeeb54da29d56df376f70330e33a28:100","98086e40e683c3f5d2ae59934332421406eeeb54da29d56df376f70330e33a28:100","-1","-1","0","0","0","0","true"
"order-disc-w3-bac","dinput_full_dembedding","2","full","1","1","98086e40e683c3f5d2ae59934332421406eeeb54da29d56df376f70330e33a28:100","98086e40e683c3f5d2ae59934332421406eeeb54da29d56df376f70330e33a28:100","-1","-1","0","0","0","0","true"
"order-disc-w3-bac","dinput_full_dembedding","3","stop_after_dembedding","1","1","98086e40e683c3f5d2ae59934332421406eeeb54da29d56df376f70330e33a28:100","98086e40e683c3f5d2ae59934332421406eeeb54da29d56df376f70330e33a28:100","-1","-1","0","0","0","0","true"
"order-disc-w3-bca","dinput_dembedding_full","1","stop_after_dinput","1","1","98086e40e683c3f5d2ae59934332421406eeeb54da29d56df376f70330e33a28:100","98086e40e683c3f5d2ae59934332421406eeeb54da29d56df376f70330e33a28:100","-1","-1","0","0","0","0","true"
"order-disc-w3-bca","dinput_dembedding_full","2","stop_after_dembedding","1","1","98086e40e683c3f5d2ae59934332421406eeeb54da29d56df376f70330e33a28:100","98086e40e683c3f5d2ae59934332421406eeeb54da29d56df376f70330e33a28:100","-1","-1","0","0","0","0","true"
"order-disc-w3-bca","dinput_dembedding_full","3","full","1","1","98086e40e683c3f5d2ae59934332421406eeeb54da29d56df376f70330e33a28:100","98086e40e683c3f5d2ae59934332421406eeeb54da29d56df376f70330e33a28:100","-1","-1","0","0","0","0","true"
"order-disc-w3-cab","dembedding_full_dinput","1","stop_after_dembedding","1","1","98086e40e683c3f5d2ae59934332421406eeeb54da29d56df376f70330e33a28:100","98086e40e683c3f5d2ae59934332421406eeeb54da29d56df376f70330e33a28:100","-1","-1","0","0","0","0","true"
"order-disc-w3-cab","dembedding_full_dinput","2","full","1","1","98086e40e683c3f5d2ae59934332421406eeeb54da29d56df376f70330e33a28:100","98086e40e683c3f5d2ae59934332421406eeeb54da29d56df376f70330e33a28:100","-1","-1","0","0","0","0","true"
"order-disc-w3-cab","dembedding_full_dinput","3","stop_after_dinput","1","1","98086e40e683c3f5d2ae59934332421406eeeb54da29d56df376f70330e33a28:100","98086e40e683c3f5d2ae59934332421406eeeb54da29d56df376f70330e33a28:100","-1","-1","0","0","0","0","true"
"order-disc-w3-cba","dembedding_dinput_full","1","stop_after_dembedding","1","1","98086e40e683c3f5d2ae59934332421406eeeb54da29d56df376f70330e33a28:100","98086e40e683c3f5d2ae59934332421406eeeb54da29d56df376f70330e33a28:100","-1","-1","0","0","0","0","true"
"order-disc-w3-cba","dembedding_dinput_full","2","stop_after_dinput","1","1","98086e40e683c3f5d2ae59934332421406eeeb54da29d56df376f70330e33a28:100","98086e40e683c3f5d2ae59934332421406eeeb54da29d56df376f70330e33a28:100","-1","-1","0","0","0","0","true"
"order-disc-w3-cba","dembedding_dinput_full","3","full","1","1","98086e40e683c3f5d2ae59934332421406eeeb54da29d56df376f70330e33a28:100","98086e40e683c3f5d2ae59934332421406eeeb54da29d56df376f70330e33a28:100","-1","-1","0","0","0","0","true"
"order-disc-w3-aaa","full_full_full","1","full","2","2","98086e40e683c3f5d2ae59934332421406eeeb54da29d56df376f70330e33a28:77,dbeb0f3ce0ec2b291a244b69586ab8ae2be284d6a74204070c380d76f08bd30b:23","98086e40e683c3f5d2ae59934332421406eeeb54da29d56df376f70330e33a28:77,dbeb0f3ce0ec2b291a244b69586ab8ae2be284d6a74204070c380d76f08bd30b:23","78","0","999.481232","26.024064","0","0","true"
"order-disc-w3-aaa","full_full_full","2","full","1","1","98086e40e683c3f5d2ae59934332421406eeeb54da29d56df376f70330e33a28:100","98086e40e683c3f5d2ae59934332421406eeeb54da29d56df376f70330e33a28:100","-1","-1","0","0","0","0","true"
"order-disc-w3-aaa","full_full_full","3","full","1","1","98086e40e683c3f5d2ae59934332421406eeeb54da29d56df376f70330e33a28:100","98086e40e683c3f5d2ae59934332421406eeeb54da29d56df376f70330e33a28:100","-1","-1","0","0","0","0","true"
"order-disc-w3-bbb","dinput_dinput_dinput","1","stop_after_dinput","1","1","98086e40e683c3f5d2ae59934332421406eeeb54da29d56df376f70330e33a28:100","98086e40e683c3f5d2ae59934332421406eeeb54da29d56df376f70330e33a28:100","-1","-1","0","0","0","0","true"
"order-disc-w3-bbb","dinput_dinput_dinput","2","stop_after_dinput","1","1","98086e40e683c3f5d2ae59934332421406eeeb54da29d56df376f70330e33a28:100","98086e40e683c3f5d2ae59934332421406eeeb54da29d56df376f70330e33a28:100","-1","-1","0","0","0","0","true"
"order-disc-w3-bbb","dinput_dinput_dinput","3","stop_after_dinput","1","1","98086e40e683c3f5d2ae59934332421406eeeb54da29d56df376f70330e33a28:100","98086e40e683c3f5d2ae59934332421406eeeb54da29d56df376f70330e33a28:100","-1","-1","0","0","0","0","true"
"order-disc-w3-ccc","dembedding_dembedding_dembedding","1","stop_after_dembedding","1","1","98086e40e683c3f5d2ae59934332421406eeeb54da29d56df376f70330e33a28:100","98086e40e683c3f5d2ae59934332421406eeeb54da29d56df376f70330e33a28:100","-1","-1","0","0","0","0","true"
"order-disc-w3-ccc","dembedding_dembedding_dembedding","2","stop_after_dembedding","1","1","98086e40e683c3f5d2ae59934332421406eeeb54da29d56df376f70330e33a28:100","98086e40e683c3f5d2ae59934332421406eeeb54da29d56df376f70330e33a28:100","-1","-1","0","0","0","0","true"
"order-disc-w3-ccc","dembedding_dembedding_dembedding","3","stop_after_dembedding","1","1","98086e40e683c3f5d2ae59934332421406eeeb54da29d56df376f70330e33a28:100","98086e40e683c3f5d2ae59934332421406eeeb54da29d56df376f70330e33a28:100","-1","-1","0","0","0","0","true"
"order-disc-w4-abc","full_dinput_dembedding","1","full","1","1","98086e40e683c3f5d2ae59934332421406eeeb54da29d56df376f70330e33a28:100","98086e40e683c3f5d2ae59934332421406eeeb54da29d56df376f70330e33a28:100","-1","-1","0","0","0","0","true"
"order-disc-w4-abc","full_dinput_dembedding","2","stop_after_dinput","1","1","98086e40e683c3f5d2ae59934332421406eeeb54da29d56df376f70330e33a28:100","98086e40e683c3f5d2ae59934332421406eeeb54da29d56df376f70330e33a28:100","-1","-1","0","0","0","0","true"
"order-disc-w4-abc","full_dinput_dembedding","3","stop_after_dembedding","1","1","98086e40e683c3f5d2ae59934332421406eeeb54da29d56df376f70330e33a28:100","98086e40e683c3f5d2ae59934332421406eeeb54da29d56df376f70330e33a28:100","-1","-1","0","0","0","0","true"
"order-disc-w4-acb","full_dembedding_dinput","1","full","1","1","98086e40e683c3f5d2ae59934332421406eeeb54da29d56df376f70330e33a28:100","98086e40e683c3f5d2ae59934332421406eeeb54da29d56df376f70330e33a28:100","-1","-1","0","0","0","0","true"
"order-disc-w4-acb","full_dembedding_dinput","2","stop_after_dembedding","1","1","98086e40e683c3f5d2ae59934332421406eeeb54da29d56df376f70330e33a28:100","98086e40e683c3f5d2ae59934332421406eeeb54da29d56df376f70330e33a28:100","-1","-1","0","0","0","0","true"
"order-disc-w4-acb","full_dembedding_dinput","3","stop_after_dinput","1","1","98086e40e683c3f5d2ae59934332421406eeeb54da29d56df376f70330e33a28:100","98086e40e683c3f5d2ae59934332421406eeeb54da29d56df376f70330e33a28:100","-1","-1","0","0","0","0","true"
"order-disc-w4-bac","dinput_full_dembedding","1","stop_after_dinput","1","1","98086e40e683c3f5d2ae59934332421406eeeb54da29d56df376f70330e33a28:100","98086e40e683c3f5d2ae59934332421406eeeb54da29d56df376f70330e33a28:100","-1","-1","0","0","0","0","true"
"order-disc-w4-bac","dinput_full_dembedding","2","full","1","1","98086e40e683c3f5d2ae59934332421406eeeb54da29d56df376f70330e33a28:100","98086e40e683c3f5d2ae59934332421406eeeb54da29d56df376f70330e33a28:100","-1","-1","0","0","0","0","true"
"order-disc-w4-bac","dinput_full_dembedding","3","stop_after_dembedding","1","1","98086e40e683c3f5d2ae59934332421406eeeb54da29d56df376f70330e33a28:100","98086e40e683c3f5d2ae59934332421406eeeb54da29d56df376f70330e33a28:100","-1","-1","0","0","0","0","true"
"order-disc-w4-bca","dinput_dembedding_full","1","stop_after_dinput","1","1","98086e40e683c3f5d2ae59934332421406eeeb54da29d56df376f70330e33a28:100","98086e40e683c3f5d2ae59934332421406eeeb54da29d56df376f70330e33a28:100","-1","-1","0","0","0","0","true"
"order-disc-w4-bca","dinput_dembedding_full","2","stop_after_dembedding","1","1","98086e40e683c3f5d2ae59934332421406eeeb54da29d56df376f70330e33a28:100","98086e40e683c3f5d2ae59934332421406eeeb54da29d56df376f70330e33a28:100","-1","-1","0","0","0","0","true"
"order-disc-w4-bca","dinput_dembedding_full","3","full","1","1","98086e40e683c3f5d2ae59934332421406eeeb54da29d56df376f70330e33a28:100","98086e40e683c3f5d2ae59934332421406eeeb54da29d56df376f70330e33a28:100","-1","-1","0","0","0","0","true"
"order-disc-w4-cab","dembedding_full_dinput","1","stop_after_dembedding","1","1","98086e40e683c3f5d2ae59934332421406eeeb54da29d56df376f70330e33a28:100","98086e40e683c3f5d2ae59934332421406eeeb54da29d56df376f70330e33a28:100","-1","-1","0","0","0","0","true"
"order-disc-w4-cab","dembedding_full_dinput","2","full","1","1","98086e40e683c3f5d2ae59934332421406eeeb54da29d56df376f70330e33a28:100","98086e40e683c3f5d2ae59934332421406eeeb54da29d56df376f70330e33a28:100","-1","-1","0","0","0","0","true"
"order-disc-w4-cab","dembedding_full_dinput","3","stop_after_dinput","1","1","98086e40e683c3f5d2ae59934332421406eeeb54da29d56df376f70330e33a28:100","98086e40e683c3f5d2ae59934332421406eeeb54da29d56df376f70330e33a28:100","-1","-1","0","0","0","0","true"
"order-disc-w4-cba","dembedding_dinput_full","1","stop_after_dembedding","1","1","98086e40e683c3f5d2ae59934332421406eeeb54da29d56df376f70330e33a28:100","98086e40e683c3f5d2ae59934332421406eeeb54da29d56df376f70330e33a28:100","-1","-1","0","0","0","0","true"
"order-disc-w4-cba","dembedding_dinput_full","2","stop_after_dinput","1","1","98086e40e683c3f5d2ae59934332421406eeeb54da29d56df376f70330e33a28:100","98086e40e683c3f5d2ae59934332421406eeeb54da29d56df376f70330e33a28:100","-1","-1","0","0","0","0","true"
"order-disc-w4-cba","dembedding_dinput_full","3","full","1","1","98086e40e683c3f5d2ae59934332421406eeeb54da29d56df376f70330e33a28:100","98086e40e683c3f5d2ae59934332421406eeeb54da29d56df376f70330e33a28:100","-1","-1","0","0","0","0","true"
"order-disc-w4-aaa","full_full_full","1","full","1","1","98086e40e683c3f5d2ae59934332421406eeeb54da29d56df376f70330e33a28:100","98086e40e683c3f5d2ae59934332421406eeeb54da29d56df376f70330e33a28:100","-1","-1","0","0","0","0","true"
"order-disc-w4-aaa","full_full_full","2","full","1","1","98086e40e683c3f5d2ae59934332421406eeeb54da29d56df376f70330e33a28:100","98086e40e683c3f5d2ae59934332421406eeeb54da29d56df376f70330e33a28:100","-1","-1","0","0","0","0","true"
"order-disc-w4-aaa","full_full_full","3","full","1","1","98086e40e683c3f5d2ae59934332421406eeeb54da29d56df376f70330e33a28:100","98086e40e683c3f5d2ae59934332421406eeeb54da29d56df376f70330e33a28:100","-1","-1","0","0","0","0","true"
"order-disc-w4-bbb","dinput_dinput_dinput","1","stop_after_dinput","1","1","98086e40e683c3f5d2ae59934332421406eeeb54da29d56df376f70330e33a28:100","98086e40e683c3f5d2ae59934332421406eeeb54da29d56df376f70330e33a28:100","-1","-1","0","0","0","0","true"
"order-disc-w4-bbb","dinput_dinput_dinput","2","stop_after_dinput","2","2","528748ea2302c615f8b1d03767f6ca63df9a6b048c8676d4282626bfc4776aa3:47,98086e40e683c3f5d2ae59934332421406eeeb54da29d56df376f70330e33a28:53","528748ea2302c615f8b1d03767f6ca63df9a6b048c8676d4282626bfc4776aa3:47,98086e40e683c3f5d2ae59934332421406eeeb54da29d56df376f70330e33a28:53","54","0","inf","inf","235","0","true"
"order-disc-w4-bbb","dinput_dinput_dinput","3","stop_after_dinput","2","2","98086e40e683c3f5d2ae59934332421406eeeb54da29d56df376f70330e33a28:57,ee1040a32e943e86fa8e78c1bb1825186d94a2cc02e7d71b3440d1e5837facca:43","98086e40e683c3f5d2ae59934332421406eeeb54da29d56df376f70330e33a28:57,ee1040a32e943e86fa8e78c1bb1825186d94a2cc02e7d71b3440d1e5837facca:43","58","0","inf","inf","215","0","true"
"order-disc-w4-ccc","dembedding_dembedding_dembedding","1","stop_after_dembedding","1","1","98086e40e683c3f5d2ae59934332421406eeeb54da29d56df376f70330e33a28:100","98086e40e683c3f5d2ae59934332421406eeeb54da29d56df376f70330e33a28:100","-1","-1","0","0","0","0","true"
"order-disc-w4-ccc","dembedding_dembedding_dembedding","2","stop_after_dembedding","1","1","98086e40e683c3f5d2ae59934332421406eeeb54da29d56df376f70330e33a28:100","98086e40e683c3f5d2ae59934332421406eeeb54da29d56df376f70330e33a28:100","-1","-1","0","0","0","0","true"
"order-disc-w4-ccc","dembedding_dembedding_dembedding","3","stop_after_dembedding","1","1","98086e40e683c3f5d2ae59934332421406eeeb54da29d56df376f70330e33a28:100","98086e40e683c3f5d2ae59934332421406eeeb54da29d56df376f70330e33a28:100","-1","-1","0","0","0","0","true"
"order-disc-w5-abc","full_dinput_dembedding","1","full","1","1","98086e40e683c3f5d2ae59934332421406eeeb54da29d56df376f70330e33a28:100","98086e40e683c3f5d2ae59934332421406eeeb54da29d56df376f70330e33a28:100","-1","-1","0","0","0","0","true"
"order-disc-w5-abc","full_dinput_dembedding","2","stop_after_dinput","1","1","98086e40e683c3f5d2ae59934332421406eeeb54da29d56df376f70330e33a28:100","98086e40e683c3f5d2ae59934332421406eeeb54da29d56df376f70330e33a28:100","-1","-1","0","0","0","0","true"
"order-disc-w5-abc","full_dinput_dembedding","3","stop_after_dembedding","2","2","35b136d469817333754705418f49acec3d6a0abebad9dcf9e749ade00cd331a7:36,98086e40e683c3f5d2ae59934332421406eeeb54da29d56df376f70330e33a28:64","35b136d469817333754705418f49acec3d6a0abebad9dcf9e749ade00cd331a7:36,98086e40e683c3f5d2ae59934332421406eeeb54da29d56df376f70330e33a28:64","65","0","inf","inf","720","0","true"
"order-disc-w5-acb","full_dembedding_dinput","1","full","1","1","98086e40e683c3f5d2ae59934332421406eeeb54da29d56df376f70330e33a28:100","98086e40e683c3f5d2ae59934332421406eeeb54da29d56df376f70330e33a28:100","-1","-1","0","0","0","0","true"
"order-disc-w5-acb","full_dembedding_dinput","2","stop_after_dembedding","2","2","98086e40e683c3f5d2ae59934332421406eeeb54da29d56df376f70330e33a28:74,cdc7990b2a78efbeca0095512e381d2fbe2e875bf3132363770a792fe267d7ab:26","98086e40e683c3f5d2ae59934332421406eeeb54da29d56df376f70330e33a28:74,cdc7990b2a78efbeca0095512e381d2fbe2e875bf3132363770a792fe267d7ab:26","75","0","inf","inf","650","0","true"
"order-disc-w5-acb","full_dembedding_dinput","3","stop_after_dinput","2","2","98086e40e683c3f5d2ae59934332421406eeeb54da29d56df376f70330e33a28:84,c02ceaf35b0a8ca420d751adebc0e33d8b4e907678113fd4980374047f2bec77:16","98086e40e683c3f5d2ae59934332421406eeeb54da29d56df376f70330e33a28:84,c02ceaf35b0a8ca420d751adebc0e33d8b4e907678113fd4980374047f2bec77:16","85","0","31679.9886","434.558005","0","0","true"
"order-disc-w5-bac","dinput_full_dembedding","1","stop_after_dinput","1","1","98086e40e683c3f5d2ae59934332421406eeeb54da29d56df376f70330e33a28:100","98086e40e683c3f5d2ae59934332421406eeeb54da29d56df376f70330e33a28:100","-1","-1","0","0","0","0","true"
"order-disc-w5-bac","dinput_full_dembedding","2","full","1","1","98086e40e683c3f5d2ae59934332421406eeeb54da29d56df376f70330e33a28:100","98086e40e683c3f5d2ae59934332421406eeeb54da29d56df376f70330e33a28:100","-1","-1","0","0","0","0","true"
"order-disc-w5-bac","dinput_full_dembedding","3","stop_after_dembedding","1","1","98086e40e683c3f5d2ae59934332421406eeeb54da29d56df376f70330e33a28:100","98086e40e683c3f5d2ae59934332421406eeeb54da29d56df376f70330e33a28:100","-1","-1","0","0","0","0","true"
"order-disc-w5-bca","dinput_dembedding_full","1","stop_after_dinput","1","1","98086e40e683c3f5d2ae59934332421406eeeb54da29d56df376f70330e33a28:100","98086e40e683c3f5d2ae59934332421406eeeb54da29d56df376f70330e33a28:100","-1","-1","0","0","0","0","true"
"order-disc-w5-bca","dinput_dembedding_full","2","stop_after_dembedding","1","1","98086e40e683c3f5d2ae59934332421406eeeb54da29d56df376f70330e33a28:100","98086e40e683c3f5d2ae59934332421406eeeb54da29d56df376f70330e33a28:100","-1","-1","0","0","0","0","true"
"order-disc-w5-bca","dinput_dembedding_full","3","full","1","1","98086e40e683c3f5d2ae59934332421406eeeb54da29d56df376f70330e33a28:100","98086e40e683c3f5d2ae59934332421406eeeb54da29d56df376f70330e33a28:100","-1","-1","0","0","0","0","true"
"order-disc-w5-cab","dembedding_full_dinput","1","stop_after_dembedding","1","1","98086e40e683c3f5d2ae59934332421406eeeb54da29d56df376f70330e33a28:100","98086e40e683c3f5d2ae59934332421406eeeb54da29d56df376f70330e33a28:100","-1","-1","0","0","0","0","true"
"order-disc-w5-cab","dembedding_full_dinput","2","full","1","1","98086e40e683c3f5d2ae59934332421406eeeb54da29d56df376f70330e33a28:100","98086e40e683c3f5d2ae59934332421406eeeb54da29d56df376f70330e33a28:100","-1","-1","0","0","0","0","true"
"order-disc-w5-cab","dembedding_full_dinput","3","stop_after_dinput","2","2","79a4ea2e21e32777181006ea310612ebde6da9d93bc58ac550e5838481c19ab2:18,98086e40e683c3f5d2ae59934332421406eeeb54da29d56df376f70330e33a28:82","79a4ea2e21e32777181006ea310612ebde6da9d93bc58ac550e5838481c19ab2:18,98086e40e683c3f5d2ae59934332421406eeeb54da29d56df376f70330e33a28:82","83","0","inf","inf","90","0","true"
"order-disc-w5-cba","dembedding_dinput_full","1","stop_after_dembedding","1","1","98086e40e683c3f5d2ae59934332421406eeeb54da29d56df376f70330e33a28:100","98086e40e683c3f5d2ae59934332421406eeeb54da29d56df376f70330e33a28:100","-1","-1","0","0","0","0","true"
"order-disc-w5-cba","dembedding_dinput_full","2","stop_after_dinput","1","1","98086e40e683c3f5d2ae59934332421406eeeb54da29d56df376f70330e33a28:100","98086e40e683c3f5d2ae59934332421406eeeb54da29d56df376f70330e33a28:100","-1","-1","0","0","0","0","true"
"order-disc-w5-cba","dembedding_dinput_full","3","full","1","1","98086e40e683c3f5d2ae59934332421406eeeb54da29d56df376f70330e33a28:100","98086e40e683c3f5d2ae59934332421406eeeb54da29d56df376f70330e33a28:100","-1","-1","0","0","0","0","true"
"order-disc-w5-aaa","full_full_full","1","full","1","1","98086e40e683c3f5d2ae59934332421406eeeb54da29d56df376f70330e33a28:100","98086e40e683c3f5d2ae59934332421406eeeb54da29d56df376f70330e33a28:100","-1","-1","0","0","0","0","true"
"order-disc-w5-aaa","full_full_full","2","full","1","1","98086e40e683c3f5d2ae59934332421406eeeb54da29d56df376f70330e33a28:100","98086e40e683c3f5d2ae59934332421406eeeb54da29d56df376f70330e33a28:100","-1","-1","0","0","0","0","true"
"order-disc-w5-aaa","full_full_full","3","full","1","1","98086e40e683c3f5d2ae59934332421406eeeb54da29d56df376f70330e33a28:100","98086e40e683c3f5d2ae59934332421406eeeb54da29d56df376f70330e33a28:100","-1","-1","0","0","0","0","true"
"order-disc-w5-bbb","dinput_dinput_dinput","1","stop_after_dinput","1","1","98086e40e683c3f5d2ae59934332421406eeeb54da29d56df376f70330e33a28:100","98086e40e683c3f5d2ae59934332421406eeeb54da29d56df376f70330e33a28:100","-1","-1","0","0","0","0","true"
"order-disc-w5-bbb","dinput_dinput_dinput","2","stop_after_dinput","1","1","98086e40e683c3f5d2ae59934332421406eeeb54da29d56df376f70330e33a28:100","98086e40e683c3f5d2ae59934332421406eeeb54da29d56df376f70330e33a28:100","-1","-1","0","0","0","0","true"
"order-disc-w5-bbb","dinput_dinput_dinput","3","stop_after_dinput","1","1","98086e40e683c3f5d2ae59934332421406eeeb54da29d56df376f70330e33a28:100","98086e40e683c3f5d2ae59934332421406eeeb54da29d56df376f70330e33a28:100","-1","-1","0","0","0","0","true"
"order-disc-w5-ccc","dembedding_dembedding_dembedding","1","stop_after_dembedding","1","1","98086e40e683c3f5d2ae59934332421406eeeb54da29d56df376f70330e33a28:100","98086e40e683c3f5d2ae59934332421406eeeb54da29d56df376f70330e33a28:100","-1","-1","0","0","0","0","true"
"order-disc-w5-ccc","dembedding_dembedding_dembedding","2","stop_after_dembedding","1","1","98086e40e683c3f5d2ae59934332421406eeeb54da29d56df376f70330e33a28:100","98086e40e683c3f5d2ae59934332421406eeeb54da29d56df376f70330e33a28:100","-1","-1","0","0","0","0","true"
"order-disc-w5-ccc","dembedding_dembedding_dembedding","3","stop_after_dembedding","2","2","98086e40e683c3f5d2ae59934332421406eeeb54da29d56df376f70330e33a28:32,99aaea5fb5317bc2d267b34ff209cadd054c0227e70240951e7b614137453263:68","98086e40e683c3f5d2ae59934332421406eeeb54da29d56df376f70330e33a28:32,99aaea5fb5317bc2d267b34ff209cadd054c0227e70240951e7b614137453263:68","33","0","1697.01653","327.405785","0","0","true"
"order-conf-w1-aaa","full_full_full","1","full","1","1","98086e40e683c3f5d2ae59934332421406eeeb54da29d56df376f70330e33a28:100","98086e40e683c3f5d2ae59934332421406eeeb54da29d56df376f70330e33a28:100","-1","-1","0","0","0","0","true"
"order-conf-w1-aaa","full_full_full","2","full","1","1","98086e40e683c3f5d2ae59934332421406eeeb54da29d56df376f70330e33a28:100","98086e40e683c3f5d2ae59934332421406eeeb54da29d56df376f70330e33a28:100","-1","-1","0","0","0","0","true"
"order-conf-w1-aaa","full_full_full","3","full","1","1","98086e40e683c3f5d2ae59934332421406eeeb54da29d56df376f70330e33a28:100","98086e40e683c3f5d2ae59934332421406eeeb54da29d56df376f70330e33a28:100","-1","-1","0","0","0","0","true"
"order-conf-w1-bbb","dinput_dinput_dinput","1","stop_after_dinput","1","1","98086e40e683c3f5d2ae59934332421406eeeb54da29d56df376f70330e33a28:100","98086e40e683c3f5d2ae59934332421406eeeb54da29d56df376f70330e33a28:100","-1","-1","0","0","0","0","true"
"order-conf-w1-bbb","dinput_dinput_dinput","2","stop_after_dinput","1","1","98086e40e683c3f5d2ae59934332421406eeeb54da29d56df376f70330e33a28:100","98086e40e683c3f5d2ae59934332421406eeeb54da29d56df376f70330e33a28:100","-1","-1","0","0","0","0","true"
"order-conf-w1-bbb","dinput_dinput_dinput","3","stop_after_dinput","1","1","98086e40e683c3f5d2ae59934332421406eeeb54da29d56df376f70330e33a28:100","98086e40e683c3f5d2ae59934332421406eeeb54da29d56df376f70330e33a28:100","-1","-1","0","0","0","0","true"
"order-conf-w1-ccc","dembedding_dembedding_dembedding","1","stop_after_dembedding","1","1","98086e40e683c3f5d2ae59934332421406eeeb54da29d56df376f70330e33a28:100","98086e40e683c3f5d2ae59934332421406eeeb54da29d56df376f70330e33a28:100","-1","-1","0","0","0","0","true"
"order-conf-w1-ccc","dembedding_dembedding_dembedding","2","stop_after_dembedding","1","1","98086e40e683c3f5d2ae59934332421406eeeb54da29d56df376f70330e33a28:100","98086e40e683c3f5d2ae59934332421406eeeb54da29d56df376f70330e33a28:100","-1","-1","0","0","0","0","true"
"order-conf-w1-ccc","dembedding_dembedding_dembedding","3","stop_after_dembedding","1","1","98086e40e683c3f5d2ae59934332421406eeeb54da29d56df376f70330e33a28:100","98086e40e683c3f5d2ae59934332421406eeeb54da29d56df376f70330e33a28:100","-1","-1","0","0","0","0","true"
"order-conf-w2-aaa","full_full_full","1","full","1","1","98086e40e683c3f5d2ae59934332421406eeeb54da29d56df376f70330e33a28:100","98086e40e683c3f5d2ae59934332421406eeeb54da29d56df376f70330e33a28:100","-1","-1","0","0","0","0","true"
"order-conf-w2-aaa","full_full_full","2","full","1","1","98086e40e683c3f5d2ae59934332421406eeeb54da29d56df376f70330e33a28:100","98086e40e683c3f5d2ae59934332421406eeeb54da29d56df376f70330e33a28:100","-1","-1","0","0","0","0","true"
"order-conf-w2-aaa","full_full_full","3","full","1","1","98086e40e683c3f5d2ae59934332421406eeeb54da29d56df376f70330e33a28:100","98086e40e683c3f5d2ae59934332421406eeeb54da29d56df376f70330e33a28:100","-1","-1","0","0","0","0","true"
"order-conf-w2-bbb","dinput_dinput_dinput","1","stop_after_dinput","1","1","98086e40e683c3f5d2ae59934332421406eeeb54da29d56df376f70330e33a28:100","98086e40e683c3f5d2ae59934332421406eeeb54da29d56df376f70330e33a28:100","-1","-1","0","0","0","0","true"
"order-conf-w2-bbb","dinput_dinput_dinput","2","stop_after_dinput","1","1","98086e40e683c3f5d2ae59934332421406eeeb54da29d56df376f70330e33a28:100","98086e40e683c3f5d2ae59934332421406eeeb54da29d56df376f70330e33a28:100","-1","-1","0","0","0","0","true"
"order-conf-w2-bbb","dinput_dinput_dinput","3","stop_after_dinput","1","1","98086e40e683c3f5d2ae59934332421406eeeb54da29d56df376f70330e33a28:100","98086e40e683c3f5d2ae59934332421406eeeb54da29d56df376f70330e33a28:100","-1","-1","0","0","0","0","true"
"order-conf-w2-ccc","dembedding_dembedding_dembedding","1","stop_after_dembedding","1","1","98086e40e683c3f5d2ae59934332421406eeeb54da29d56df376f70330e33a28:100","98086e40e683c3f5d2ae59934332421406eeeb54da29d56df376f70330e33a28:100","-1","-1","0","0","0","0","true"
"order-conf-w2-ccc","dembedding_dembedding_dembedding","2","stop_after_dembedding","2","2","7fe903573a311d8a7c5480a456c78300009cf4eb10ba531f6f2778b0e5e4d3f7:84,98086e40e683c3f5d2ae59934332421406eeeb54da29d56df376f70330e33a28:16","7fe903573a311d8a7c5480a456c78300009cf4eb10ba531f6f2778b0e5e4d3f7:84,98086e40e683c3f5d2ae59934332421406eeeb54da29d56df376f70330e33a28:16","17","0","inf","inf","336","0","true"
"order-conf-w2-ccc","dembedding_dembedding_dembedding","3","stop_after_dembedding","1","1","98086e40e683c3f5d2ae59934332421406eeeb54da29d56df376f70330e33a28:100","98086e40e683c3f5d2ae59934332421406eeeb54da29d56df376f70330e33a28:100","-1","-1","0","0","0","0","true"
"order-conf-w3-aaa","full_full_full","1","full","1","1","98086e40e683c3f5d2ae59934332421406eeeb54da29d56df376f70330e33a28:100","98086e40e683c3f5d2ae59934332421406eeeb54da29d56df376f70330e33a28:100","-1","-1","0","0","0","0","true"
"order-conf-w3-aaa","full_full_full","2","full","2","2","98086e40e683c3f5d2ae59934332421406eeeb54da29d56df376f70330e33a28:24,f58799c8577bc5656eead3e6a1fcedfb4416cf402d6f0a1e1493e42a0e5143a6:76","98086e40e683c3f5d2ae59934332421406eeeb54da29d56df376f70330e33a28:24,f58799c8577bc5656eead3e6a1fcedfb4416cf402d6f0a1e1493e42a0e5143a6:76","25","0","738.011719","78.8535334","0","0","true"
"order-conf-w3-aaa","full_full_full","3","full","1","1","98086e40e683c3f5d2ae59934332421406eeeb54da29d56df376f70330e33a28:100","98086e40e683c3f5d2ae59934332421406eeeb54da29d56df376f70330e33a28:100","-1","-1","0","0","0","0","true"
"order-conf-w3-bbb","dinput_dinput_dinput","1","stop_after_dinput","1","1","98086e40e683c3f5d2ae59934332421406eeeb54da29d56df376f70330e33a28:100","98086e40e683c3f5d2ae59934332421406eeeb54da29d56df376f70330e33a28:100","-1","-1","0","0","0","0","true"
"order-conf-w3-bbb","dinput_dinput_dinput","2","stop_after_dinput","1","1","98086e40e683c3f5d2ae59934332421406eeeb54da29d56df376f70330e33a28:100","98086e40e683c3f5d2ae59934332421406eeeb54da29d56df376f70330e33a28:100","-1","-1","0","0","0","0","true"
"order-conf-w3-bbb","dinput_dinput_dinput","3","stop_after_dinput","2","2","98086e40e683c3f5d2ae59934332421406eeeb54da29d56df376f70330e33a28:84,a3069d6b979766081d734666bd3888b16ef72d6d0321d4f7bc5ae7285b3291f6:16","98086e40e683c3f5d2ae59934332421406eeeb54da29d56df376f70330e33a28:84,a3069d6b979766081d734666bd3888b16ef72d6d0321d4f7bc5ae7285b3291f6:16","85","0","inf","inf","80","0","true"
"order-conf-w3-ccc","dembedding_dembedding_dembedding","1","stop_after_dembedding","1","1","98086e40e683c3f5d2ae59934332421406eeeb54da29d56df376f70330e33a28:100","98086e40e683c3f5d2ae59934332421406eeeb54da29d56df376f70330e33a28:100","-1","-1","0","0","0","0","true"
"order-conf-w3-ccc","dembedding_dembedding_dembedding","2","stop_after_dembedding","1","1","98086e40e683c3f5d2ae59934332421406eeeb54da29d56df376f70330e33a28:100","98086e40e683c3f5d2ae59934332421406eeeb54da29d56df376f70330e33a28:100","-1","-1","0","0","0","0","true"
"order-conf-w3-ccc","dembedding_dembedding_dembedding","3","stop_after_dembedding","1","1","98086e40e683c3f5d2ae59934332421406eeeb54da29d56df376f70330e33a28:100","98086e40e683c3f5d2ae59934332421406eeeb54da29d56df376f70330e33a28:100","-1","-1","0","0","0","0","true"
"order-conf-w4-aaa","full_full_full","1","full","1","1","98086e40e683c3f5d2ae59934332421406eeeb54da29d56df376f70330e33a28:100","98086e40e683c3f5d2ae59934332421406eeeb54da29d56df376f70330e33a28:100","-1","-1","0","0","0","0","true"
"order-conf-w4-aaa","full_full_full","2","full","1","1","98086e40e683c3f5d2ae59934332421406eeeb54da29d56df376f70330e33a28:100","98086e40e683c3f5d2ae59934332421406eeeb54da29d56df376f70330e33a28:100","-1","-1","0","0","0","0","true"
"order-conf-w4-aaa","full_full_full","3","full","1","1","98086e40e683c3f5d2ae59934332421406eeeb54da29d56df376f70330e33a28:100","98086e40e683c3f5d2ae59934332421406eeeb54da29d56df376f70330e33a28:100","-1","-1","0","0","0","0","true"
"order-conf-w4-bbb","dinput_dinput_dinput","1","stop_after_dinput","1","1","98086e40e683c3f5d2ae59934332421406eeeb54da29d56df376f70330e33a28:100","98086e40e683c3f5d2ae59934332421406eeeb54da29d56df376f70330e33a28:100","-1","-1","0","0","0","0","true"
"order-conf-w4-bbb","dinput_dinput_dinput","2","stop_after_dinput","1","1","98086e40e683c3f5d2ae59934332421406eeeb54da29d56df376f70330e33a28:100","98086e40e683c3f5d2ae59934332421406eeeb54da29d56df376f70330e33a28:100","-1","-1","0","0","0","0","true"
"order-conf-w4-bbb","dinput_dinput_dinput","3","stop_after_dinput","1","1","98086e40e683c3f5d2ae59934332421406eeeb54da29d56df376f70330e33a28:100","98086e40e683c3f5d2ae59934332421406eeeb54da29d56df376f70330e33a28:100","-1","-1","0","0","0","0","true"
"order-conf-w4-ccc","dembedding_dembedding_dembedding","1","stop_after_dembedding","1","1","98086e40e683c3f5d2ae59934332421406eeeb54da29d56df376f70330e33a28:100","98086e40e683c3f5d2ae59934332421406eeeb54da29d56df376f70330e33a28:100","-1","-1","0","0","0","0","true"
"order-conf-w4-ccc","dembedding_dembedding_dembedding","2","stop_after_dembedding","1","1","98086e40e683c3f5d2ae59934332421406eeeb54da29d56df376f70330e33a28:100","98086e40e683c3f5d2ae59934332421406eeeb54da29d56df376f70330e33a28:100","-1","-1","0","0","0","0","true"
"order-conf-w4-ccc","dembedding_dembedding_dembedding","3","stop_after_dembedding","1","1","98086e40e683c3f5d2ae59934332421406eeeb54da29d56df376f70330e33a28:100","98086e40e683c3f5d2ae59934332421406eeeb54da29d56df376f70330e33a28:100","-1","-1","0","0","0","0","true"
"order-conf-w5-aaa","full_full_full","1","full","1","1","98086e40e683c3f5d2ae59934332421406eeeb54da29d56df376f70330e33a28:100","98086e40e683c3f5d2ae59934332421406eeeb54da29d56df376f70330e33a28:100","-1","-1","0","0","0","0","true"
"order-conf-w5-aaa","full_full_full","2","full","1","1","98086e40e683c3f5d2ae59934332421406eeeb54da29d56df376f70330e33a28:100","98086e40e683c3f5d2ae59934332421406eeeb54da29d56df376f70330e33a28:100","-1","-1","0","0","0","0","true"
"order-conf-w5-aaa","full_full_full","3","full","1","1","98086e40e683c3f5d2ae59934332421406eeeb54da29d56df376f70330e33a28:100","98086e40e683c3f5d2ae59934332421406eeeb54da29d56df376f70330e33a28:100","-1","-1","0","0","0","0","true"
"order-conf-w5-bbb","dinput_dinput_dinput","1","stop_after_dinput","1","1","98086e40e683c3f5d2ae59934332421406eeeb54da29d56df376f70330e33a28:100","98086e40e683c3f5d2ae59934332421406eeeb54da29d56df376f70330e33a28:100","-1","-1","0","0","0","0","true"
"order-conf-w5-bbb","dinput_dinput_dinput","2","stop_after_dinput","1","1","98086e40e683c3f5d2ae59934332421406eeeb54da29d56df376f70330e33a28:100","98086e40e683c3f5d2ae59934332421406eeeb54da29d56df376f70330e33a28:100","-1","-1","0","0","0","0","true"
"order-conf-w5-bbb","dinput_dinput_dinput","3","stop_after_dinput","1","1","98086e40e683c3f5d2ae59934332421406eeeb54da29d56df376f70330e33a28:100","98086e40e683c3f5d2ae59934332421406eeeb54da29d56df376f70330e33a28:100","-1","-1","0","0","0","0","true"
"order-conf-w5-ccc","dembedding_dembedding_dembedding","1","stop_after_dembedding","1","1","98086e40e683c3f5d2ae59934332421406eeeb54da29d56df376f70330e33a28:100","98086e40e683c3f5d2ae59934332421406eeeb54da29d56df376f70330e33a28:100","-1","-1","0","0","0","0","true"
"order-conf-w5-ccc","dembedding_dembedding_dembedding","2","stop_after_dembedding","1","1","98086e40e683c3f5d2ae59934332421406eeeb54da29d56df376f70330e33a28:100","98086e40e683c3f5d2ae59934332421406eeeb54da29d56df376f70330e33a28:100","-1","-1","0","0","0","0","true"
"order-conf-w5-ccc","dembedding_dembedding_dembedding","3","stop_after_dembedding","1","1","98086e40e683c3f5d2ae59934332421406eeeb54da29d56df376f70330e33a28:100","98086e40e683c3f5d2ae59934332421406eeeb54da29d56df376f70330e33a28:100","-1","-1","0","0","0","0","true"
