configuration_id,layer,sigma_min,sigma_max,condition_double,condition_float,math_rank,float_rank,effective_rank,participation_ratio,frobenius_norm,spectral_norm,determinant_sign,log_abs_determinant
L19_SEED_1,1,0.0110550934588,0.581798842181,52.6272,52.6272,16,16,12.1272,6.95644,1.21242947473,0.581798842181,1,-28.9091556488
L19_SEED_1,4,0.00364762527531,0.62208196924,170.544,170.544,16,16,12.1774,6.773,1.19159800529,0.62208196924,1,-29.9941431964
L19_SEED_1,7,0.00540976245834,0.668126055664,123.504,123.504,16,16,12.5446,6.92699,1.29806792382,0.668126055664,-1,-27.2697556128
L19_SEED_1,8,0.00137388775427,0.629141916719,457.928,457.928,16,16,12.5635,7.17741,1.27160342061,0.629141916719,1,-28.8399020951
L19_SEED_1,9,0.010266125923,0.670663076966,65.3278,65.3278,16,16,11.8446,6.36693,1.25095324629,0.670663076966,1,-29.3956481292
L19_SEED_1,11,0.0312237870488,0.710145775197,22.7437,22.7437,16,16,12.4311,6.8133,1.38010950022,0.710145775197,1,-25.5929728292
L19_SEED_1,12,0.0572224018048,0.756797915695,13.2256,13.2256,16,16,12.6646,5.92097,1.31874812328,0.756797915695,1,-25.2531788956
L19_SEED_1,13,0.00932643917252,0.832979587546,89.3138,89.3138,16,16,11.4293,4.73202,1.3337367489,0.832979587546,1,-29.4270132116
L19_SEED_1,14,0.0131764651108,1.03769055689,78.7533,78.7533,16,16,11.7359,3.62158,1.47825777949,1.03769055689,-1,-26.5405243142
L19_SEED_1,15,0.00548474997116,0.707874882936,129.062,129.062,16,16,12.657,7.21217,1.40626883198,0.707874882936,1,-25.7841648909
L19_SEED_1,16,0.00972793107849,0.890138198512,91.5033,91.5033,16,16,12.1348,5.00114,1.43667665413,0.890138198512,1,-26.2468158926
L19_SEED_1,17,0.0188715013883,1.00063459654,53.0236,53.0236,16,16,11.8724,3.91684,1.45899654502,1.00063459654,-1,-26.4668582616
L19_SEED_1,18,0.0178903021649,0.939249373209,52.5005,52.5005,16,16,11.9129,4.53142,1.44834454042,0.939249373209,1,-26.3079751898
L19_SEED_2,1,0.0279507257959,0.59295961261,21.2145,21.2145,16,16,12.7201,7.44326,1.23491578693,0.59295961261,1,-26.4719886272
L19_SEED_2,4,0.0140494439112,0.532936068697,37.9329,37.9329,16,16,12.714,7.9777,1.21223959377,0.532936068697,1,-27.2491339526
L19_SEED_2,7,0.017578609255,0.698040223922,39.7096,39.7096,16,16,12.6087,6.3628,1.27865049233,0.698040223922,-1,-26.4401212791
L19_SEED_2,8,0.00332174592569,0.678301071566,204.2,204.2,16,16,12.7502,7.39794,1.38413395044,0.678301071566,-1,-26.1712387685
L19_SEED_2,9,0.00794438841532,0.658127875787,82.8419,82.8419,16,16,12.529,7.14906,1.33399049377,0.658127875787,-1,-26.5415070263
L19_SEED_2,11,0.00300336778749,0.815773324627,271.62,271.62,16,16,11.7139,5.96437,1.44315298404,0.815773324627,1,-28.6661239569
L19_SEED_2,12,0.0229407274069,0.813057505483,35.4417,35.4417,16,16,12.0513,5.13242,1.35190272743,0.813057505483,1,-26.79134266
L19_SEED_2,13,0.00737387713485,0.777130353372,105.39,105.39,16,16,12.1362,5.90652,1.38151995596,0.777130353372,1,-27.0884006409
L19_SEED_2,14,0.0194665372749,0.897917904368,46.1262,46.1262,16,16,11.4075,4.68982,1.5024169526,0.897917904368,-1,-26.9963167896
L19_SEED_2,15,0.00939722664838,0.857085605084,91.2062,91.2062,16,16,11.9062,5.35188,1.41958328166,0.857085605084,-1,-27.6048965318
L19_SEED_2,16,0.0114804610123,0.893100191735,77.7931,77.7931,16,16,12.0938,5.34066,1.48746441192,0.893100191735,-1,-26.0232881113
L19_SEED_2,17,0.00494985872943,0.876533637086,177.083,177.083,16,16,12.0578,5.30138,1.4966830545,0.876533637086,1,-26.259377212
L19_SEED_2,18,0.00809364394315,1.03531951075,127.918,127.918,16,16,11.6891,3.59396,1.48322017774,1.03531951075,1,-26.9422390432
L19_SEED_4,1,0.00474161061817,0.533881806125,112.595,112.595,16,16,12.7102,8.02769,1.1850664134,0.533881806125,1,-28.3807609224
L19_SEED_4,4,0.0241968875552,0.542568664577,22.4231,22.4231,16,16,13.2724,8.36563,1.23213138449,0.542568664577,-1,-25.2793030929
L19_SEED_4,7,0.0128039800181,0.610269430897,47.6625,47.6625,16,16,12.6024,7.43011,1.24865029115,0.610269430897,1,-27.3207638871
L19_SEED_4,8,0.0135479371255,0.595606462794,43.9629,43.9629,16,16,12.5852,7.47825,1.21760113472,0.595606462794,-1,-27.5883652322
L19_SEED_4,9,0.0173704961416,0.676441509803,38.942,38.942,16,16,12.3153,6.62383,1.36044569727,0.676441509803,-1,-26.3351246048
L19_SEED_4,11,0.0330197257965,0.877047760123,26.5613,26.5613,16,16,12.0556,4.81434,1.43070952357,0.877047760123,-1,-25.6391799346
L19_SEED_4,12,0.0150774220651,0.741398184403,49.1727,49.1727,16,16,12.0156,6.24761,1.41473299688,0.741398184403,-1,-26.5415814316
L19_SEED_4,13,0.00504392169766,0.850913499044,168.701,168.701,16,16,12.0256,5.32345,1.41773120277,0.850913499044,-1,-27.3315640299
L19_SEED_4,14,0.0285983445829,0.6959264441,24.3345,24.3345,16,16,12.6932,6.66269,1.37477423249,0.6959264441,-1,-24.9488180943
L19_SEED_4,15,0.0146832860971,0.904532220491,61.6028,61.6028,16,16,11.8151,4.73861,1.44887518174,0.904532220491,1,-26.5000454768
L19_SEED_4,16,0.00430418234767,0.83793024683,194.678,194.678,16,16,11.9816,5.84206,1.46031585582,0.83793024683,1,-27.8998332587
L19_SEED_4,17,0.00264488025986,0.995999583395,376.576,376.576,16,16,11.44,4.25903,1.50421457762,0.995999583395,-1,-28.7897037141
L19_SEED_4,18,0.0116136554586,0.700530874787,60.3196,60.3196,16,16,12.6083,7.06446,1.40296396193,0.700530874787,1,-25.3309596825
L18_SEED_2_CONTROL,1,0.0168407868881,0.569262985044,33.8026,33.8026,16,16,12.7351,7.51087,1.19844707246,0.569262985044,1,-27.1243665087
L18_SEED_2_CONTROL,4,0.0280199144835,0.551070149016,19.6671,19.6671,16,16,12.952,7.90695,1.22313102247,0.551070149016,1,-26.0712245174
L18_SEED_2_CONTROL,6,0.0347941335531,0.701425780172,20.1593,20.1593,16,16,12.482,6.29015,1.31612523944,0.701425780172,-1,-25.8521131759
L18_SEED_2_CONTROL,8,0.0026399062461,0.731000772581,276.904,276.904,16,16,12.4609,6.86403,1.38598392654,0.731000772581,1,-27.177570865
L18_SEED_2_CONTROL,10,0.00819917971592,0.732242112653,89.3068,89.3068,16,16,12.2406,6.21545,1.30898475061,0.732242112653,1,-27.6383964199
L18_SEED_2_CONTROL,11,0.00230249806261,0.772527016514,335.517,335.517,16,16,11.6326,6.183,1.43249059351,0.772527016514,-1,-29.1654422579
L18_SEED_2_CONTROL,12,0.0064576678075,0.827752503093,128.181,128.181,16,16,11.9428,4.98869,1.34465850446,0.827752503093,1,-28.0600076448
L18_SEED_2_CONTROL,13,0.00782013494034,0.821190212367,105.01,105.01,16,16,12.0413,5.64021,1.41673867157,0.821190212367,-1,-26.8968621026
L18_SEED_2_CONTROL,14,0.00892529589975,0.849747586808,95.2067,95.2067,16,16,11.2788,4.78156,1.50061703389,0.849747586808,-1,-27.9714414328
L18_SEED_2_CONTROL,15,0.00950869530257,0.908015989263,95.4932,95.4932,16,16,11.8615,4.98459,1.46043479566,0.908015989263,-1,-26.9055970681
L18_SEED_2_CONTROL,16,0.0106084562155,0.895317265805,84.3966,84.3966,16,16,12.0755,5.27234,1.48667127262,0.895317265805,-1,-25.8279743797
L18_SEED_2_CONTROL,17,0.00265205672647,0.911488048062,343.691,343.691,16,16,11.9094,5.10073,1.52662307388,0.911488048062,1,-26.8918589656
