"left_partition","right_partition","case_id_overlap","initial_prefix_overlap","full_sequence_overlap","unique_transition_overlap","transition_occurrence_multiset_overlap"
"MARGIN_CALIBRATION_V1","MARGIN_DEVELOPMENT_V1","0","0","0","13","144"
"MARGIN_CALIBRATION_V1","TRAIN","0","0","0","13","28"
"MARGIN_DEVELOPMENT_V1","TRAIN","0","0","0","13","28"
"MARGIN_CALIBRATION_V1","AR_VALIDATION_V3","0","0","0","13","144"
"MARGIN_DEVELOPMENT_V1","AR_VALIDATION_V3","0","0","0","13","144"
"MARGIN_CALIBRATION_V1","AR_DEVELOPMENT_V3","0","0","0","13","144"
"MARGIN_DEVELOPMENT_V1","AR_DEVELOPMENT_V3","0","0","0","13","144"
"MARGIN_CALIBRATION_V1","AR_FINAL_HOLDOUT_V3","0","0","0","13","144"
"MARGIN_DEVELOPMENT_V1","AR_FINAL_HOLDOUT_V3","0","0","0","13","144"
