configuration_id,layer,head,baseline_token_exact,intervened_token_exact,token_delta,baseline_mean_margin,intervened_mean_margin,margin_delta,intervened_mean_rank,intervened_mean_nll,intervened_margin_q10,finite
L19_SEED_1,1,0,106,108,2,2.07102,1.79839,-0.272632,2.19444,1.7888,-12.1004,true
L19_SEED_1,1,1,106,102,-4,2.07102,2.01113,-0.0598911,2.09722,1.70738,-11.2195,true
L19_SEED_1,4,0,106,106,0,2.07102,1.72295,-0.348069,2.15278,1.81894,-11.6019,true
L19_SEED_1,4,1,106,108,2,2.07102,2.04015,-0.0308754,2.15972,1.70594,-11.6645,true
L19_SEED_1,7,0,106,107,1,2.07102,2.0732,0.00218072,2.15972,1.73392,-11.7409,true
L19_SEED_1,7,1,106,108,2,2.07102,2.01292,-0.0581038,2.17361,1.71653,-11.8125,true
L19_SEED_1,8,0,106,108,2,2.07102,2.02395,-0.0470713,2.18056,1.73769,-11.8741,true
L19_SEED_1,8,1,106,107,1,2.07102,2.03321,-0.0378129,2.18056,1.74735,-11.8607,true
L19_SEED_1,9,0,106,108,2,2.07102,2.05979,-0.0112368,2.15278,1.69496,-11.5739,true
L19_SEED_1,9,1,106,107,1,2.07102,2.0283,-0.0427239,2.19444,1.74598,-11.8552,true
L19_SEED_1,11,0,106,107,1,2.07102,2.09533,0.0243126,2.15972,1.70325,-11.537,true
L19_SEED_1,11,1,106,108,2,2.07102,1.9419,-0.129122,2.17361,1.74117,-11.7162,true
L19_SEED_1,12,0,106,107,1,2.07102,2.08385,0.0128262,2.15972,1.71095,-11.5748,true
L19_SEED_1,12,1,106,107,1,2.07102,2.00324,-0.0677791,2.20139,1.75839,-11.9697,true
L19_SEED_1,13,0,106,108,2,2.07102,2.07509,0.00406775,2.15278,1.71415,-11.6559,true
L19_SEED_1,13,1,106,107,1,2.07102,2.0876,0.0165755,2.15278,1.71445,-11.676,true
L19_SEED_1,14,0,106,103,-3,2.07102,2.07854,0.00752185,2.15972,1.66514,-11.3181,true
L19_SEED_1,14,1,106,107,1,2.07102,2.07854,0.00752163,2.13889,1.66924,-11.312,true
L19_SEED_1,15,0,106,107,1,2.07102,2.09016,0.0191353,2.15972,1.7164,-11.6101,true
L19_SEED_1,15,1,106,107,1,2.07102,2.06913,-0.0018948,2.17361,1.72869,-11.683,true
L19_SEED_1,16,0,106,107,1,2.07102,2.0708,-0.000221322,2.17361,1.7219,-11.6795,true
L19_SEED_1,16,1,106,103,-3,2.07102,2.08035,0.00932666,2.16667,1.67398,-11.3281,true
L19_SEED_1,17,0,106,107,1,2.07102,2.0953,0.0242748,2.16667,1.69872,-11.5353,true
L19_SEED_1,17,1,106,103,-3,2.07102,2.07797,0.00694305,2.15278,1.6567,-11.2527,true
L19_SEED_1,18,0,106,108,2,2.07102,2.06241,-0.00861331,2.15278,1.69673,-11.509,true
L19_SEED_1,18,1,106,108,2,2.07102,2.03997,-0.0310525,2.16667,1.72799,-11.7591,true
L19_SEED_2,1,0,99,97,-2,2.52623,2.35842,-0.167811,1.65278,1.36256,-7.27165,true
L19_SEED_2,1,1,99,97,-2,2.52623,2.29208,-0.234155,1.61111,1.35896,-7.26441,true
L19_SEED_2,4,0,99,99,0,2.52623,2.57911,0.0528795,1.61111,1.23913,-6.92199,true
L19_SEED_2,4,1,99,99,0,2.52623,2.52977,0.00354179,1.61111,1.25999,-7.11733,true
L19_SEED_2,7,0,99,100,1,2.52623,2.62382,0.0975887,1.5625,1.19154,-7.05701,true
L19_SEED_2,7,1,99,100,1,2.52623,2.5247,-0.00153507,1.625,1.25259,-7.14327,true
L19_SEED_2,8,0,99,99,0,2.52623,2.51015,-0.0160822,1.55556,1.23713,-6.85789,true
L19_SEED_2,8,1,99,99,0,2.52623,2.54695,0.0207162,1.54861,1.23632,-6.90897,true
L19_SEED_2,9,0,99,99,0,2.52623,2.54219,0.0159567,1.61806,1.23585,-7.05774,true
L19_SEED_2,9,1,99,99,0,2.52623,2.47578,-0.0504499,1.625,1.2809,-7.12487,true
L19_SEED_2,11,0,99,99,0,2.52623,2.52174,-0.0044929,1.5625,1.23181,-6.91915,true
L19_SEED_2,11,1,99,98,-1,2.52623,2.60551,0.0792776,1.5625,1.162,-6.58156,true
L19_SEED_2,12,0,99,99,0,2.52623,2.50553,-0.0206986,1.60417,1.24717,-6.9887,true
L19_SEED_2,12,1,99,99,0,2.52623,2.48105,-0.0451789,1.61806,1.2767,-7.13106,true
L19_SEED_2,13,0,99,99,0,2.52623,2.50569,-0.0205434,1.61111,1.27698,-7.14336,true
L19_SEED_2,13,1,99,99,0,2.52623,2.56428,0.038049,1.56944,1.21452,-6.88574,true
L19_SEED_2,14,0,99,99,0,2.52623,2.49673,-0.0294988,1.61806,1.26245,-7.06797,true
L19_SEED_2,14,1,99,99,0,2.52623,2.52771,0.00147697,1.5625,1.2078,-6.82463,true
L19_SEED_2,15,0,99,99,0,2.52623,2.54213,0.0159016,1.56944,1.24587,-7.06265,true
L19_SEED_2,15,1,99,99,0,2.52623,2.49775,-0.0284861,1.5625,1.24736,-6.99137,true
L19_SEED_2,16,0,99,99,0,2.52623,2.5751,0.0488717,1.57639,1.19333,-6.80534,true
L19_SEED_2,16,1,99,99,0,2.52623,2.52287,-0.00336323,1.55556,1.23963,-7.02232,true
L19_SEED_2,17,0,99,99,0,2.52623,2.49827,-0.027964,1.60417,1.24884,-7.05178,true
L19_SEED_2,17,1,99,99,0,2.52623,2.53619,0.00995576,1.55556,1.22708,-6.92021,true
L19_SEED_2,18,0,99,99,0,2.52623,2.5049,-0.0213314,1.61111,1.24688,-7.00699,true
L19_SEED_2,18,1,99,99,0,2.52623,2.52682,0.000585699,1.55556,1.22022,-6.96759,true
L19_SEED_4,1,0,116,116,0,3.23538,3.33618,0.100792,1.52083,0.940101,-6.71556,true
L19_SEED_4,1,1,116,116,0,3.23538,3.38136,0.145976,1.54167,0.974864,-7.1561,true
L19_SEED_4,4,0,116,110,-6,3.23538,3.25794,0.0225587,1.61111,0.998895,-7.2507,true
L19_SEED_4,4,1,116,110,-6,3.23538,3.23607,0.000685175,1.58333,1.0209,-7.16025,true
L19_SEED_4,7,0,116,110,-6,3.23538,3.27729,0.041908,1.58333,1.00376,-7.07971,true
L19_SEED_4,7,1,116,116,0,3.23538,3.2463,0.0109195,1.56944,1.02267,-7.43386,true
L19_SEED_4,8,0,116,110,-6,3.23538,3.24584,0.0104531,1.60417,1.02505,-7.32335,true
L19_SEED_4,8,1,116,110,-6,3.23538,3.22723,-0.0081507,1.59722,1.00827,-7.19473,true
L19_SEED_4,9,0,116,116,0,3.23538,3.22887,-0.00651775,1.56944,1.02045,-7.34781,true
L19_SEED_4,9,1,116,116,0,3.23538,3.24812,0.0127363,1.54861,0.994303,-7.08173,true
L19_SEED_4,11,0,116,116,0,3.23538,3.27612,0.0407324,1.55556,0.987116,-7.17117,true
L19_SEED_4,11,1,116,115,-1,3.23538,3.22786,-0.00752496,1.52083,0.938404,-6.63842,true
L19_SEED_4,12,0,116,115,-1,3.23538,3.21178,-0.0235999,1.56944,1.01114,-7.32101,true
L19_SEED_4,12,1,116,116,0,3.23538,3.20497,-0.0304148,1.54861,0.994347,-6.98803,true
L19_SEED_4,13,0,116,110,-6,3.23538,3.2271,-0.00828451,1.60417,1.02314,-7.32623,true
L19_SEED_4,13,1,116,115,-1,3.23538,3.19917,-0.0362135,1.55556,0.99249,-6.97289,true
L19_SEED_4,14,0,116,116,0,3.23538,3.23028,-0.00510507,1.57639,1.01921,-7.36209,true
L19_SEED_4,14,1,116,116,0,3.23538,3.22489,-0.0104927,1.56944,0.999179,-7.17362,true
L19_SEED_4,15,0,116,117,1,3.23538,3.27445,0.039069,1.55556,0.970375,-7.17141,true
L19_SEED_4,15,1,116,116,0,3.23538,3.26305,0.0276638,1.55556,0.983199,-7.06291,true
L19_SEED_4,16,0,116,116,0,3.23538,3.26779,0.0324031,1.5625,0.961827,-7.09222,true
L19_SEED_4,16,1,116,116,0,3.23538,3.23881,0.00342884,1.5625,1.00179,-7.19915,true
L19_SEED_4,17,0,116,116,0,3.23538,3.25655,0.021164,1.55556,0.991776,-7.09541,true
L19_SEED_4,17,1,116,116,0,3.23538,3.25342,0.0180359,1.54167,0.98309,-6.97338,true
L19_SEED_4,18,0,116,116,0,3.23538,3.20392,-0.031466,1.56944,1.01258,-7.29549,true
L19_SEED_4,18,1,116,116,0,3.23538,3.2341,-0.00128936,1.57639,1.02132,-7.32917,true
L18_SEED_2_CONTROL,1,0,110,105,-5,2.72626,2.62542,-0.100838,1.38194,0.876299,-4.70588,true
L18_SEED_2_CONTROL,1,1,110,108,-2,2.72626,2.63327,-0.0929883,1.34722,0.790089,-4.43648,true
L18_SEED_2_CONTROL,4,0,110,103,-7,2.72626,2.69258,-0.033677,1.38194,0.781745,-4.45281,true
L18_SEED_2_CONTROL,4,1,110,110,0,2.72626,2.6964,-0.0298597,1.34028,0.79317,-4.5344,true
L18_SEED_2_CONTROL,6,0,110,110,0,2.72626,2.68393,-0.0423338,1.32639,0.796879,-4.55335,true
L18_SEED_2_CONTROL,6,1,110,107,-3,2.72626,2.70242,-0.0238369,1.34722,0.772271,-4.43292,true
L18_SEED_2_CONTROL,8,0,110,104,-6,2.72626,2.65471,-0.071546,1.36806,0.794579,-4.47341,true
L18_SEED_2_CONTROL,8,1,110,103,-7,2.72626,2.72965,0.00339383,1.38194,0.781528,-4.46214,true
L18_SEED_2_CONTROL,10,0,110,110,0,2.72626,2.7299,0.00364199,1.34722,0.790079,-4.56197,true
L18_SEED_2_CONTROL,10,1,110,109,-1,2.72626,2.69713,-0.0291346,1.34722,0.786719,-4.4833,true
L18_SEED_2_CONTROL,11,0,110,110,0,2.72626,2.69917,-0.0270926,1.34028,0.785582,-4.51548,true
L18_SEED_2_CONTROL,11,1,110,104,-6,2.72626,2.71532,-0.0109382,1.375,0.766297,-4.37024,true
L18_SEED_2_CONTROL,12,0,110,110,0,2.72626,2.69677,-0.0294924,1.33333,0.792065,-4.59216,true
L18_SEED_2_CONTROL,12,1,110,110,0,2.72626,2.67554,-0.0507216,1.34722,0.81023,-4.65116,true
L18_SEED_2_CONTROL,13,0,110,110,0,2.72626,2.68739,-0.0388752,1.34722,0.812973,-4.64502,true
L18_SEED_2_CONTROL,13,1,110,109,-1,2.72626,2.73353,0.00726851,1.34722,0.774432,-4.47658,true
L18_SEED_2_CONTROL,14,0,110,110,0,2.72626,2.67975,-0.0465092,1.34028,0.798916,-4.55993,true
L18_SEED_2_CONTROL,14,1,110,111,1,2.72626,2.72103,-0.00523419,1.32639,0.770168,-4.44349,true
L18_SEED_2_CONTROL,15,0,110,110,0,2.72626,2.7123,-0.0139559,1.34028,0.784661,-4.49848,true
L18_SEED_2_CONTROL,15,1,110,110,0,2.72626,2.6737,-0.0525592,1.34028,0.79575,-4.58347,true
L18_SEED_2_CONTROL,16,0,110,109,-1,2.72626,2.71171,-0.014548,1.35417,0.778847,-4.47476,true
L18_SEED_2_CONTROL,16,1,110,110,0,2.72626,2.69188,-0.0343815,1.34028,0.789738,-4.55018,true
L18_SEED_2_CONTROL,17,0,110,109,-1,2.72626,2.64225,-0.0840109,1.34722,0.803255,-4.61489,true
L18_SEED_2_CONTROL,17,1,110,109,-1,2.72626,2.73632,0.0100609,1.34722,0.770268,-4.49591,true
