report,checkpoint_step,prefix_index,probability_max_abs_error,probability_mean_abs_error,probability_l1_error,probability_js_divergence
seed1-l19-greedy-step1000-max64-result.txt,1000,0,0.003004968166,1.077200965e-05,0.001650343929,6.636563461e-07
seed1-l19-greedy-step1000-max64-result.txt,1000,1,0.0007269978523,8.328655891e-06,0.00141771296,3.641151786e-07
seed1-l19-greedy-step1000-max64-result.txt,1000,2,0.001106500626,7.998394641e-06,0.001444976841,4.029138871e-07
seed1-l19-greedy-step1000-max64-result.txt,1000,3,0.001444280148,7.844908369e-06,0.001959139489,7.463168816e-07
seed1-l19-greedy-step1000-max64-result.txt,1000,4,0.0008703172207,1.137275753e-05,0.00441839548,3.66572762e-06
seed1-l19-greedy-step1000-max64-result.txt,1000,5,0.000940322876,1.00373437e-05,0.002309182109,1.05322453e-06
seed1-l19-greedy-step1000-max64-result.txt,1000,6,0.001926541328,7.117332443e-06,0.001637164184,4.816850176e-07
seed1-l19-greedy-step1000-max64-result.txt,1000,7,0.001761615276,6.766925167e-06,0.0005211420368,2.043870239e-07
seed1-l19-greedy-step1000-max64-result.txt,1000,8,0.000940322876,9.936765715e-06,0.001266763678,3.78362834e-07
seed1-l19-greedy-step1000-max64-result.txt,1000,9,0.002530038357,9.277600928e-06,0.003961653062,2.101553401e-06
seed1-l19-greedy-step1000-max64-result.txt,1000,10,0.002345591784,1.172394432e-05,0.003193205104,1.73816027e-06
seed1-l19-greedy-step1000-max64-result.txt,1000,11,0.001526772976,8.225862913e-06,0.001997037011,7.358794908e-07
seed1-l19-greedy-step1000-max64-result.txt,1000,12,0.001880958676,1.166444555e-05,0.001274101083,3.923992929e-07
seed1-l19-greedy-step1000-max64-result.txt,1000,13,0.004197686911,1.370968659e-05,0.02976711443,0.0001142655995
seed1-l19-greedy-step1000-max64-result.txt,1000,14,0.002183198929,1.035294264e-05,0.003266705087,2.562159472e-06
seed1-l19-greedy-step1000-max64-result.txt,1000,15,0.001426592469,7.653053012e-06,0.0009748696286,2.071959947e-07
seed1-l19-greedy-step1000-max64-result.txt,1000,16,0.001221835613,1.034874814e-05,0.002466760906,1.226999876e-06
seed1-l19-greedy-step1000-max64-result.txt,1000,17,0.0009371489286,8.950402602e-06,0.00171889703,7.033649203e-07
seed1-l19-greedy-step1000-max64-result.txt,1000,18,0.002916961908,1.115353564e-05,0.002075668523,6.400669781e-07
seed1-l19-greedy-step1000-max64-result.txt,1000,19,0.0008703172207,1.05027358e-05,0.001443639447,5.239053495e-07
seed1-l19-greedy-step1000-max64-run2-result.txt,1000,0,0.003004968166,1.077200965e-05,0.001650343929,6.636563461e-07
seed1-l19-greedy-step1000-max64-run2-result.txt,1000,1,0.0007269978523,8.328655891e-06,0.00141771296,3.641151786e-07
seed1-l19-greedy-step1000-max64-run2-result.txt,1000,2,0.001106500626,7.998394641e-06,0.001444976841,4.029138871e-07
seed1-l19-greedy-step1000-max64-run2-result.txt,1000,3,0.001444280148,7.844908369e-06,0.001959139489,7.463168816e-07
seed1-l19-greedy-step1000-max64-run2-result.txt,1000,4,0.0008703172207,1.137275753e-05,0.00441839548,3.66572762e-06
seed1-l19-greedy-step1000-max64-run2-result.txt,1000,5,0.000940322876,1.00373437e-05,0.002309182109,1.05322453e-06
seed1-l19-greedy-step1000-max64-run2-result.txt,1000,6,0.001926541328,7.117332443e-06,0.001637164184,4.816850176e-07
seed1-l19-greedy-step1000-max64-run2-result.txt,1000,7,0.001761615276,6.766925167e-06,0.0005211420368,2.043870239e-07
seed1-l19-greedy-step1000-max64-run2-result.txt,1000,8,0.000940322876,9.936765715e-06,0.001266763678,3.78362834e-07
seed1-l19-greedy-step1000-max64-run2-result.txt,1000,9,0.002530038357,9.277600928e-06,0.003961653062,2.101553401e-06
seed1-l19-greedy-step1000-max64-run2-result.txt,1000,10,0.002345591784,1.172394432e-05,0.003193205104,1.73816027e-06
seed1-l19-greedy-step1000-max64-run2-result.txt,1000,11,0.001526772976,8.225862913e-06,0.001997037011,7.358794908e-07
seed1-l19-greedy-step1000-max64-run2-result.txt,1000,12,0.001880958676,1.166444555e-05,0.001274101083,3.923992929e-07
seed1-l19-greedy-step1000-max64-run2-result.txt,1000,13,0.004197686911,1.370968659e-05,0.02976711443,0.0001142655995
seed1-l19-greedy-step1000-max64-run2-result.txt,1000,14,0.002183198929,1.035294264e-05,0.003266705087,2.562159472e-06
seed1-l19-greedy-step1000-max64-run2-result.txt,1000,15,0.001426592469,7.653053012e-06,0.0009748696286,2.071959947e-07
seed1-l19-greedy-step1000-max64-run2-result.txt,1000,16,0.001221835613,1.034874814e-05,0.002466760906,1.226999876e-06
seed1-l19-greedy-step1000-max64-run2-result.txt,1000,17,0.0009371489286,8.950402602e-06,0.00171889703,7.033649203e-07
seed1-l19-greedy-step1000-max64-run2-result.txt,1000,18,0.002916961908,1.115353564e-05,0.002075668523,6.400669781e-07
seed1-l19-greedy-step1000-max64-run2-result.txt,1000,19,0.0008703172207,1.05027358e-05,0.001443639447,5.239053495e-07
seed1-l19-greedy-step320-max64-result.txt,320,0,0.001413762569,6.562872499e-06,0.0009958267111,2.031198942e-07
seed1-l19-greedy-step320-max64-result.txt,320,1,0.000375404954,5.577137551e-06,0.001758145002,5.892629478e-07
seed1-l19-greedy-step320-max64-result.txt,320,2,0.001359701157,5.860851408e-06,0.001960045576,8.702733239e-07
seed1-l19-greedy-step320-max64-result.txt,320,3,0.001713573933,6.671562619e-06,0.001782431461,5.770697186e-07
seed1-l19-greedy-step320-max64-result.txt,320,4,0.0003968030214,5.707058008e-06,0.001151284124,2.623837354e-07
seed1-l19-greedy-step320-max64-result.txt,320,5,0.002114295959,6.639911706e-06,0.001784480416,5.506609856e-07
seed1-l19-greedy-step320-max64-result.txt,320,6,0.002344846725,6.955315923e-06,0.0008604269573,1.470358962e-07
seed1-l19-greedy-step320-max64-result.txt,320,7,0.002449333668,6.582107284e-06,0.0007939171896,2.134757516e-07
seed1-l19-greedy-step320-max64-result.txt,320,8,0.001471698284,6.568304084e-06,0.001163366425,2.31189181e-07
seed1-l19-greedy-step320-max64-result.txt,320,9,0.001718223095,6.748663551e-06,0.001379666019,3.840066651e-07
seed1-l19-greedy-step320-max64-result.txt,320,10,0.00129917264,6.147910434e-06,0.0005913267284,1.406451013e-07
seed1-l19-greedy-step320-max64-result.txt,320,11,0.0008292719722,8.678505875e-06,0.006470928166,6.188643657e-06
seed1-l19-greedy-step320-max64-result.txt,320,12,0.001520901918,6.215379866e-06,0.001132002846,2.504429637e-07
seed1-l19-greedy-step320-max64-result.txt,320,13,0.001635313034,6.375843966e-06,0.001292098499,2.620655277e-07
seed1-l19-greedy-step320-max64-result.txt,320,14,0.00185585022,6.740393785e-06,0.003110964345,1.625746061e-06
seed1-l19-greedy-step320-max64-result.txt,320,15,0.001653254032,6.44202547e-06,0.001005153062,2.300197295e-07
seed1-l19-greedy-step320-max64-result.txt,320,16,0.001002669334,5.687530651e-06,0.0008653911115,1.590345534e-07
seed1-l19-greedy-step320-max64-result.txt,320,17,0.0003170892596,5.756325579e-06,0.001404772308,4.071554304e-07
seed1-l19-greedy-step320-max64-result.txt,320,18,0.0016746521,6.777622224e-06,0.0008530857215,1.547309172e-07
seed1-l19-greedy-step320-max64-result.txt,320,19,0.0002838671207,5.724295285e-06,0.00148256077,3.971562199e-07
